week_end,us_crude_stocks,cushing_stocks,us_crude_production,crude_imports,crude_exports,refinery_inputs,refinery_utilization,inventory_change,cushing_change,crude_supply,crude_demand,crude_balance,balance_residual
2010-01-08,310325,34473,1036941,8895,32,14374,81.3,3699.0,-1197.0,1045836,14406,1031430,1027731.0
2010-01-15,309854,33725,1036470,8540,33,13859,78.4,-471.0,-748.0,1045010,13892,1031118,1031589.0
2010-01-22,305966,33034,1032581,7867,33,13871,78.5,-3888.0,-691.0,1040448,13904,1026544,1030432.0
2010-01-29,308283,31997,1034898,8426,33,13738,77.7,2317.0,-1037.0,1043324,13771,1029553,1027236.0
2010-02-05,310577,31322,1037189,8342,33,13993,79.1,2294.0,-675.0,1045531,14026,1031505,1029211.0
2010-02-12,313662,30612,1040274,8548,33,14107,79.8,3085.0,-710.0,1048822,14140,1034682,1031597.0
2010-02-19,316696,29902,1043308,9084,33,14358,81.2,3034.0,-710.0,1052392,14391,1038001,1034967.0
2010-02-26,320730,29969,1047340,9236,33,14482,81.9,4034.0,67.0,1056576,14515,1042061,1038027.0
2010-03-05,322200,30600,1048808,8492,33,14280,80.7,1470.0,631.0,1057300,14313,1042987,1041517.0
2010-03-12,323212,29919,1049820,8428,33,14247,80.6,1012.0,-681.0,1058248,14280,1043968,1042956.0
2010-03-19,330457,30453,1057064,9397,33,14346,81.1,7245.0,534.0,1066461,14379,1052082,1044837.0
2010-03-26,333386,30936,1059993,9060,33,14610,82.6,2929.0,483.0,1069053,14643,1054410,1051481.0
2010-04-02,335532,31164,1062138,9561,33,14944,84.5,2146.0,228.0,1071699,14977,1056722,1054576.0
2010-04-09,333330,32257,1059934,8880,33,15140,85.6,-2202.0,1093.0,1068814,15173,1053641,1055843.0
2010-04-16,335224,34111,1061826,9613,34,15110,85.9,1894.0,1854.0,1071439,15144,1056295,1054401.0
2010-04-23,337187,34565,1063788,9681,34,15641,89.0,1963.0,454.0,1073469,15675,1057794,1055831.0
2010-04-30,339942,36244,1066543,9951,34,15754,89.6,2755.0,1679.0,1076494,15788,1060706,1057951.0
2010-05-07,341861,37028,1068460,9687,34,15547,88.4,1919.0,784.0,1078147,15581,1062566,1060647.0
2010-05-14,342023,37945,1068620,9829,34,15464,87.9,162.0,917.0,1078449,15498,1062951,1062789.0
2010-05-21,344483,37621,1071080,9928,34,15446,87.8,2460.0,-324.0,1081008,15480,1065528,1063068.0
2010-05-28,342581,37889,1069176,9455,34,15386,87.5,-1902.0,268.0,1078631,15420,1063211,1065113.0
2010-06-04,340906,37416,1067501,9535,34,15660,89.1,-1675.0,-473.0,1077036,15694,1061342,1063017.0
2010-06-11,342596,37610,1069190,9699,34,15458,87.9,1690.0,194.0,1078889,15492,1063397,1061707.0
2010-06-18,344613,36784,1071207,10112,33,15711,89.4,2017.0,-826.0,1081319,15744,1065575,1063558.0
2010-06-25,342606,35989,1069198,9481,33,15538,88.4,-2007.0,-795.0,1078679,15571,1063108,1065115.0
2010-07-02,337562,35805,1064153,9413,33,15800,89.8,-5044.0,-184.0,1073566,15833,1057733,1062777.0
2010-07-09,332504,36119,1059095,9281,33,15918,90.5,-5058.0,314.0,1068376,15951,1052425,1057483.0
2010-07-16,332864,37104,1059455,9977,33,16084,91.5,360.0,985.0,1069432,16117,1053315,1052955.0
2010-07-23,340172,37170,1066761,11153,33,15936,90.6,7308.0,66.0,1077914,15969,1061945,1054637.0
2010-07-30,337388,37836,1063977,9629,33,16032,91.2,-2784.0,666.0,1073606,16065,1057541,1060325.0
2010-08-06,334390,37722,1060976,9441,33,15492,88.1,-2998.0,-114.0,1070417,15525,1054892,1057890.0
2010-08-13,333572,37035,1060158,9561,32,15825,90.0,-818.0,-687.0,1069719,15857,1053862,1054680.0
2010-08-20,337680,36256,1064264,9881,32,15426,87.7,4108.0,-779.0,1074145,15458,1058687,1054579.0
2010-08-27,341105,35753,1067688,9679,32,15309,87.0,3425.0,-503.0,1077367,15341,1062026,1058601.0
2010-09-03,339337,35535,1065918,8885,32,15516,88.2,-1768.0,-218.0,1074803,15548,1059255,1061023.0
2010-09-10,336848,34954,1063429,9027,33,15413,87.6,-2489.0,-581.0,1072456,15446,1057010,1059499.0
2010-09-17,337818,34744,1063995,9322,33,15441,87.8,970.0,-210.0,1073317,15474,1057843,1056873.0
2010-09-24,337343,34345,1063693,9005,33,15082,85.8,-475.0,-399.0,1072698,15115,1057583,1058058.0
2010-10-01,340186,35094,1066536,8926,33,14627,83.1,2843.0,749.0,1075462,14660,1060802,1057959.0
2010-10-08,339770,35061,1066283,8128,33,14402,81.9,-416.0,-33.0,1074411,14435,1059976,1060392.0
2010-10-15,340437,34010,1066948,8600,33,14505,82.5,667.0,-1051.0,1075548,14538,1061010,1060343.0
2010-10-22,345444,33659,1071996,9463,33,14726,83.7,5007.0,-351.0,1081459,14759,1066700,1061693.0
2010-10-29,347394,33545,1073946,8578,33,14393,81.8,1950.0,-114.0,1082524,14426,1068098,1066148.0
2010-11-05,343849,31799,1070399,8089,33,14505,82.4,-3545.0,-1746.0,1078488,14538,1063950,1067495.0
2010-11-12,336563,33065,1063113,7864,34,14772,84.0,-7286.0,1266.0,1070977,14806,1056171,1063457.0
2010-11-19,337592,33625,1064141,9024,34,15040,85.5,1029.0,560.0,1073165,15074,1058091,1057062.0
2010-11-26,338658,34535,1065206,8446,34,14526,82.6,1066.0,910.0,1073652,14560,1059092,1058026.0
2010-12-03,334524,34929,1061072,9053,34,15391,87.5,-4134.0,394.0,1070125,15425,1054700,1058834.0
2010-12-10,324670,35911,1051218,7690,33,15487,88.0,-9854.0,982.0,1058908,15520,1043388,1053242.0
2010-12-17,319337,36390,1045883,8741,33,15429,87.7,-5333.0,479.0,1054624,15462,1039162,1044495.0
2010-12-24,318079,36635,1044625,8813,33,15447,87.8,-1258.0,245.0,1053438,15480,1037958,1039216.0
2010-12-31,313918,37493,1040464,8446,33,15488,88.0,-4161.0,858.0,1048910,15521,1033389,1037550.0
2011-01-07,311526,37376,1038071,8895,33,15208,86.4,-2392.0,-117.0,1046966,15241,1031725,1034117.0
2011-01-14,314143,36805,1040687,8999,33,14595,83.0,2617.0,-571.0,1049686,14628,1035058,1032441.0
2011-01-21,318979,37667,1045523,9385,33,14400,81.8,4836.0,862.0,1054908,14433,1040475,1035639.0
2011-01-28,321573,38334,1048117,9014,33,14861,84.5,2594.0,667.0,1057131,14894,1042237,1039643.0
2011-02-04,323404,37407,1049948,8909,33,14906,84.7,1831.0,-927.0,1058857,14939,1043918,1042087.0
2011-02-11,324264,37657,1050807,8266,33,14290,81.2,860.0,250.0,1059073,14323,1044750,1043890.0
2011-02-18,325086,37440,1051629,8106,33,13960,79.4,822.0,-217.0,1059735,13993,1045742,1044920.0
2011-02-25,324722,38570,1051265,8010,33,14241,80.9,-364.0,1130.0,1059275,14274,1045001,1045365.0
2011-03-04,327099,40263,1053641,8300,33,14429,82.0,2377.0,1693.0,1061941,14462,1047479,1045102.0
2011-03-11,328844,40020,1055386,8681,34,14671,83.4,1745.0,-243.0,1064067,14705,1049362,1047617.0
2011-03-18,330975,40197,1057517,8987,34,14794,84.1,2131.0,177.0,1066504,14828,1051676,1049545.0
2011-03-25,333920,41886,1060462,9128,34,14798,84.1,2945.0,1689.0,1069590,14832,1054758,1051813.0
2011-04-01,335536,41870,1062078,8950,34,14845,84.4,1616.0,-16.0,1071028,14879,1056149,1054533.0
2011-04-08,337163,41896,1063705,8571,34,14406,81.4,1627.0,26.0,1072276,14440,1057836,1056209.0
2011-04-15,334841,41126,1061383,8053,34,14595,82.5,-2322.0,-770.0,1069436,14629,1054807,1057129.0
2011-04-22,340997,40388,1067539,9266,34,14629,82.7,6156.0,-738.0,1076805,14663,1062142,1055986.0
2011-04-29,344418,40490,1070960,8877,34,14653,82.8,3421.0,102.0,1079837,14687,1065150,1061729.0
2011-05-06,348050,41614,1074592,8964,34,14463,81.7,3632.0,1124.0,1083556,14497,1069059,1065427.0
2011-05-13,348035,40023,1074577,8570,34,14731,83.2,-15.0,-1591.0,1083147,14765,1068382,1068397.0
2011-05-20,348651,40079,1075193,9232,34,15269,86.3,616.0,56.0,1084425,15303,1069122,1068506.0
2011-05-27,351529,39920,1078071,9518,34,15212,86.0,2878.0,-159.0,1087589,15246,1072343,1069465.0
2011-06-03,346897,38904,1073439,8600,34,15438,87.2,-4632.0,-1016.0,1082039,15472,1066567,1071199.0
2011-06-10,343491,37763,1070033,8638,35,15241,86.1,-3406.0,-1141.0,1078671,15276,1063395,1066801.0
2011-06-17,341780,38036,1068311,9149,35,15788,89.2,-1711.0,273.0,1077460,15823,1061637,1063348.0
2011-06-24,337405,37494,1063936,8878,35,15598,88.1,-4375.0,-542.0,1072814,15633,1057181,1061556.0
2011-07-01,336532,37034,1063063,9854,35,15636,88.4,-873.0,-460.0,1072917,15671,1057246,1058119.0
2011-07-08,333408,37649,1059939,9000,35,15607,88.0,-3124.0,615.0,1068939,15642,1053297,1056421.0
2011-07-15,329681,36672,1056212,9343,35,16013,90.3,-3727.0,-977.0,1065555,16048,1049507,1053234.0
2011-07-22,331977,37102,1056240,9840,35,15660,88.3,2296.0,430.0,1066080,15695,1050385,1048089.0
2011-07-29,332927,35953,1052688,9134,35,15829,89.3,950.0,-1149.0,1061822,15864,1045958,1045008.0
2011-08-05,327806,34581,1045073,9100,35,15954,90.0,-5121.0,-1372.0,1054173,15989,1038184,1043305.0
2011-08-12,332039,33688,1043392,9285,35,15798,89.1,4233.0,-893.0,1052677,15833,1036844,1032611.0
2011-08-19,329826,33662,1036377,8808,35,16022,90.3,-2213.0,-26.0,1045185,16057,1029128,1031341.0
2011-08-26,335107,33085,1036932,9607,35,15821,89.2,5281.0,-577.0,1046539,15856,1030683,1025402.0
2011-09-02,331146,32689,1028085,8565,35,15777,89.0,-3961.0,-396.0,1036650,15812,1020838,1024799.0
2011-09-09,324442,32229,1020381,8542,35,15421,87.0,-6704.0,-460.0,1028923,15456,1013467,1020171.0
2011-09-16,317106,31998,1013045,8351,36,15653,88.3,-7336.0,-231.0,1021396,15689,1005707,1013043.0
2011-09-23,319021,30920,1014974,9702,36,15577,87.8,1915.0,-1078.0,1024676,15613,1009063,1007148.0
2011-09-30,314342,30089,1010295,8700,36,15559,87.7,-4679.0,-831.0,1018995,15595,1003400,1008079.0
2011-10-07,315575,30621,1011531,9086,36,14937,84.2,1233.0,532.0,1020617,14973,1005644,1004411.0
2011-10-14,310846,31092,1006797,7921,36,14732,83.1,-4729.0,471.0,1014718,14768,999950,1004679.0
2011-10-21,315581,31511,1011532,9373,36,15042,84.8,4735.0,419.0,1020905,15078,1005827,1001092.0
2011-10-28,317407,32071,1013358,8954,36,15123,85.3,1826.0,560.0,1022312,15159,1007153,1005327.0
2011-11-04,315819,31139,1011770,8618,36,14648,82.6,-1588.0,-932.0,1020388,14684,1005704,1007292.0
2011-11-11,314763,32029,1010713,8565,36,15036,84.8,-1056.0,890.0,1019278,15072,1004206,1005262.0
2011-11-18,308544,32016,1004495,8319,36,15170,85.5,-6219.0,-13.0,1012814,15206,997608,1003827.0
2011-11-25,312476,31301,1008427,9061,36,15002,84.6,3932.0,-715.0,1017488,15038,1002450,998518.0
2011-12-02,313625,31105,1009576,9436,36,15561,87.7,1149.0,-196.0,1019012,15597,1003415,1002266.0
2011-12-09,311693,31188,1007644,8322,36,15097,85.1,-1932.0,83.0,1015966,15133,1000833,1002765.0
2011-12-16,301123,30198,997074,7581,36,15063,84.9,-10570.0,-990.0,1004655,15099,989556,1000126.0
2011-12-23,305022,29909,1000973,8990,36,14929,84.2,3899.0,-289.0,1009963,14965,994998,991099.0
2011-12-30,307231,29296,1003182,9024,36,15079,85.0,2209.0,-613.0,1012206,15115,997091,994882.0
2012-01-06,309056,29105,1005007,9907,36,15188,85.6,1825.0,-191.0,1014914,15224,999690,997865.0
2012-01-13,305618,28273,1001569,8265,37,14838,83.7,-3438.0,-832.0,1009834,14875,994959,998397.0
2012-01-20,309176,28647,1005127,8853,37,14584,82.2,3558.0,374.0,1013980,14621,999359,995801.0
2012-01-27,313351,30123,1009302,8880,37,14506,81.8,4175.0,1476.0,1018182,14543,1003639,999464.0
2012-02-03,313642,30490,1009593,8413,37,14686,82.8,291.0,367.0,1018006,14723,1003283,1002992.0
2012-02-10,313471,32480,1009422,8756,37,14895,84.0,-171.0,1990.0,1018178,14932,1003246,1003417.0
2012-02-17,315104,32165,1011055,9091,37,15157,85.5,1633.0,-315.0,1020146,15194,1004952,1003319.0
2012-02-24,319264,33813,1015215,9187,37,14826,83.6,4160.0,1648.0,1024402,14863,1009539,1005379.0
2012-03-02,320112,36178,1016063,8712,37,14868,83.9,848.0,2365.0,1024775,14905,1009870,1009022.0
2012-03-09,321862,38697,1017813,8716,37,14657,82.7,1750.0,2519.0,1026529,14694,1011835,1010085.0
2012-03-16,320700,38521,1016651,8224,38,14572,82.2,-1162.0,-176.0,1024875,14610,1010265,1011427.0
2012-03-23,327802,39564,1023753,9269,38,14635,84.5,7102.0,1043.0,1033022,14673,1018349,1011247.0
2012-03-30,336811,40293,1032762,9774,38,14835,85.7,9009.0,729.0,1042536,14873,1027663,1018654.0
2012-04-06,339377,40585,1035328,8522,38,14508,83.8,2566.0,292.0,1043850,14546,1029304,1026738.0
2012-04-13,343233,41177,1039184,8718,39,14651,84.6,3856.0,592.0,1047902,14690,1033212,1029356.0
2012-04-20,347211,41751,1043162,8766,39,14661,84.7,3978.0,574.0,1051928,14700,1037228,1033250.0
2012-04-27,350051,42964,1046002,8822,39,14883,86.0,2840.0,1213.0,1054824,14922,1039902,1037062.0
2012-05-04,355340,44127,1051291,8967,39,14965,86.4,5289.0,1163.0,1060258,15004,1045254,1039965.0
2012-05-11,357468,45127,1053419,8881,39,15279,88.3,2128.0,1000.0,1062300,15318,1046982,1044854.0
2012-05-18,358351,46795,1054302,8583,39,15255,88.1,883.0,1668.0,1062885,15294,1047591,1046708.0
2012-05-25,360564,46849,1056515,9056,39,15424,89.1,2213.0,54.0,1065571,15463,1050108,1047895.0
2012-06-01,358801,47775,1054752,8957,39,15675,91.0,-1763.0,926.0,1063709,15714,1047995,1049758.0
2012-06-08,358610,47395,1054561,9117,39,15849,92.0,-191.0,-380.0,1063678,15888,1047790,1047981.0
2012-06-15,361471,47755,1057422,9445,39,15839,91.9,2861.0,360.0,1066867,15878,1050989,1048128.0
2012-06-22,361338,47416,1057289,9118,39,15951,92.6,-133.0,-339.0,1066407,15990,1050417,1050550.0
2012-06-29,357068,47641,1053019,8774,39,15850,92.0,-4270.0,225.0,1061793,15889,1045904,1050174.0
2012-07-06,352213,46782,1048164,8626,39,15972,92.7,-4855.0,-859.0,1056790,16011,1040779,1045634.0
2012-07-13,351404,46282,1047355,8937,39,15845,92.0,-809.0,-500.0,1056292,15884,1040408,1041217.0
2012-07-20,354121,46485,1050072,9633,40,16017,93.0,2717.0,203.0,1059705,16057,1043648,1040931.0
2012-07-27,347599,45100,1043549,8406,40,15885,92.2,-6522.0,-1385.0,1051955,15925,1036030,1042552.0
2012-08-03,343824,44298,1039774,8627,40,15949,92.6,-3775.0,-802.0,1048401,15989,1032412,1036187.0
2012-08-10,340125,45197,1036075,8717,40,15955,92.6,-3699.0,899.0,1044792,15995,1028797,1032496.0
2012-08-17,334713,45242,1030663,8207,40,15711,91.2,-5412.0,45.0,1038870,15751,1023119,1028531.0
2012-08-24,338491,44821,1034441,9495,40,15717,91.2,3778.0,-421.0,1043936,15757,1028179,1024401.0
2012-08-31,331065,44915,1027015,8035,40,14829,86.1,-7426.0,94.0,1035050,14869,1020181,1027607.0
2012-09-07,332474,44087,1027424,8565,40,14594,84.7,1409.0,-828.0,1035989,14634,1021355,1019946.0
2012-09-14,341008,43813,1035960,9848,41,15312,88.9,8534.0,-274.0,1045808,15353,1030455,1021921.0
2012-09-21,338562,43730,1033514,7595,41,15053,87.4,-2446.0,-83.0,1041109,15094,1026015,1028461.0
2012-09-28,338080,43865,1033032,8106,41,15202,88.2,-482.0,135.0,1041138,15243,1025895,1026377.0
2012-10-05,339592,44165,1034544,8221,41,15075,86.7,1512.0,300.0,1042765,15116,1027649,1026137.0
2012-10-12,342452,44025,1037404,8347,41,15186,87.4,2860.0,-140.0,1045751,15227,1030524,1027664.0
2012-10-19,348348,44065,1043300,8823,41,15156,87.2,5896.0,40.0,1052123,15197,1036926,1031030.0
2012-10-26,346303,43394,1041255,7922,41,15247,87.7,-2045.0,-671.0,1049177,15288,1033889,1035934.0
2012-11-02,347850,42966,1042802,8011,41,14848,85.4,1547.0,-428.0,1050813,14889,1035924,1034377.0
2012-11-09,348939,43681,1043891,7870,42,14946,86.0,1089.0,715.0,1051761,14988,1036773,1035684.0
2012-11-16,347473,45150,1042425,7768,42,15200,87.5,-1466.0,1469.0,1050193,15242,1034951,1036417.0
2012-11-23,347126,45857,1042078,8118,42,15400,88.6,-347.0,707.0,1050196,15442,1034754,1035101.0
2012-11-30,344769,45631,1039721,8230,42,15740,90.6,-2357.0,-226.0,1047951,15782,1032169,1034526.0
2012-12-07,344909,46818,1039861,8499,42,15717,90.4,140.0,1187.0,1048360,15759,1032601,1032461.0
2012-12-14,343945,46963,1038897,8399,43,15918,91.5,-964.0,145.0,1047296,15961,1031335,1032299.0
2012-12-21,343359,49177,1038311,8025,43,15705,90.3,-586.0,2214.0,1046336,15748,1030588,1031174.0
2012-12-28,332239,49750,1027191,7094,43,15727,90.4,-11120.0,573.0,1034285,15770,1018515,1029635.0
2013-01-04,333131,50082,1028083,8342,43,15496,89.1,892.0,332.0,1036425,15539,1020886,1019994.0
2013-01-11,332180,51862,1027447,8030,43,15292,87.9,-951.0,1780.0,1035477,15335,1020142,1021093.0
2013-01-18,334993,51391,1030260,7730,44,14539,83.6,2813.0,-471.0,1037990,14583,1023407,1020594.0
2013-01-25,340940,51675,1036400,8068,44,14784,85.0,5947.0,284.0,1044468,14828,1029640,1023693.0
2013-02-01,343274,51360,1039081,7569,44,14652,84.2,2334.0,-315.0,1046650,14696,1031954,1029620.0
2013-02-08,343834,50242,1039803,7513,44,14592,83.8,560.0,-1118.0,1047316,14636,1032680,1032120.0
2013-02-15,347977,50659,1043946,7689,44,14422,82.9,4143.0,417.0,1051635,14466,1037169,1033026.0
2013-02-22,349107,50584,1045076,7958,44,14803,85.1,1130.0,-75.0,1053034,14847,1038187,1037057.0
2013-03-01,352843,50841,1048812,7308,44,14300,82.2,3736.0,257.0,1056120,14344,1041776,1038040.0
2013-03-08,355467,49315,1051436,7535,44,14334,81.0,2624.0,-1526.0,1058971,14378,1044593,1041969.0
2013-03-15,354153,49029,1050122,7317,45,14787,83.5,-1314.0,-286.0,1057439,14832,1042607,1043921.0
2013-03-22,357409,49468,1053378,8158,45,15173,85.7,3256.0,439.0,1061536,15218,1046318,1043062.0
2013-03-29,360116,49181,1056085,7931,45,15273,86.3,2707.0,-287.0,1064016,15318,1048698,1045991.0
2013-04-05,359998,50070,1055967,7720,45,15472,86.8,-118.0,889.0,1063687,15517,1048170,1048288.0
2013-04-12,358765,51148,1054734,7431,45,15373,86.3,-1233.0,1078.0,1062165,15418,1046747,1047980.0
2013-04-19,359712,51183,1055681,7564,47,14872,83.5,947.0,35.0,1063245,14919,1048326,1047379.0
2013-04-26,366408,49801,1062377,8166,47,15038,84.4,6696.0,-1382.0,1070543,15085,1055458,1048762.0
2013-05-03,366779,49149,1062748,7606,47,15500,87.0,371.0,-652.0,1070354,15547,1054807,1054436.0
2013-05-10,366155,49724,1062124,7623,47,15670,88.0,-624.0,575.0,1069747,15717,1054030,1054654.0
2013-05-17,365817,50173,1061786,8130,48,15545,87.3,-338.0,449.0,1069916,15593,1054323,1054661.0
2013-05-24,368817,50508,1064786,7817,48,15395,86.4,3000.0,335.0,1072603,15443,1057160,1054160.0
2013-05-31,362550,50024,1058519,7268,48,15738,88.4,-6267.0,-484.0,1065787,15786,1050001,1056268.0
2013-06-07,365179,49265,1061148,7850,48,15591,87.5,2629.0,-759.0,1068998,15639,1053359,1050730.0
2013-06-14,365492,48596,1061461,8436,48,15902,89.3,313.0,-669.0,1069897,15950,1053947,1053634.0
2013-06-21,365510,49260,1061479,8298,50,16065,90.2,18.0,664.0,1069777,16115,1053662,1053644.0
2013-06-28,355163,49652,1051132,7407,50,16413,92.2,-10347.0,392.0,1058539,16463,1042076,1052423.0
2013-07-05,345426,46965,1041395,7525,50,16454,92.4,-9737.0,-2687.0,1048920,16504,1032416,1042153.0
2013-07-12,338524,46083,1034493,7705,50,16539,92.8,-6902.0,-882.0,1042198,16589,1025609,1032511.0
2013-07-19,335699,44023,1031668,8032,52,16448,92.3,-2825.0,-2060.0,1039700,16500,1023200,1026025.0
2013-07-26,336130,42119,1032099,8168,52,16257,91.3,431.0,-1904.0,1040267,16309,1023958,1023527.0
2013-08-02,334699,39874,1030668,7914,52,16200,90.9,-1431.0,-2245.0,1038582,16252,1022330,1023761.0
2013-08-09,331887,38515,1027856,7917,52,15927,89.4,-2812.0,-1359.0,1035773,15979,1019794,1022606.0
2013-08-16,330459,37425,1026428,7951,55,16209,91.0,-1428.0,-1090.0,1034379,16264,1018115,1019543.0
2013-08-23,333445,36588,1029414,8374,55,16243,91.2,2986.0,-837.0,1037788,16298,1021490,1018504.0
2013-08-30,331609,34759,1027578,8255,55,16330,91.7,-1836.0,-1829.0,1035833,16385,1019448,1021284.0
2013-09-06,330991,34120,1026960,8017,55,16476,92.5,-618.0,-639.0,1034977,16531,1018446,1019064.0
2013-09-13,326623,33259,1022592,7578,55,16479,92.5,-4368.0,-861.0,1030170,16534,1013636,1018004.0
2013-09-20,329258,32847,1025227,7925,56,16092,90.3,2635.0,-412.0,1033152,16148,1017004,1014369.0
2013-09-27,334730,32788,1030699,8363,56,15856,89.0,5472.0,-59.0,1039062,15912,1023150,1017678.0
2013-10-04,341474,32620,1037443,8043,56,15311,86.0,6744.0,-168.0,1045486,15367,1030119,1023375.0
2013-10-11,345473,32986,1041442,8004,56,15352,86.2,3999.0,366.0,1049446,15408,1034038,1030039.0
2013-10-18,350719,33344,1046688,7656,56,15308,85.9,5246.0,358.0,1054344,15364,1038980,1033734.0
2013-10-25,354806,35522,1050775,7459,56,15550,87.3,4087.0,2178.0,1058234,15606,1042628,1038541.0
2013-11-01,355995,36513,1051964,7224,56,15465,86.8,1189.0,991.0,1059188,15521,1043667,1042478.0
2013-11-08,358635,38204,1054604,7844,56,15801,88.7,2640.0,1691.0,1062448,15857,1046591,1043951.0
2013-11-15,359010,39940,1054979,7863,56,15782,88.6,375.0,1736.0,1062842,15838,1047004,1046629.0
2013-11-22,361963,40616,1057932,7718,57,15917,89.4,2953.0,676.0,1065650,15974,1049676,1046723.0
2013-11-29,356378,40598,1052347,7809,57,16453,92.4,-5585.0,-18.0,1060156,16510,1043646,1049231.0
2013-12-06,345374,41223,1041343,6862,57,16501,92.6,-11004.0,625.0,1048205,16558,1031647,1042651.0
2013-12-13,342433,40623,1038402,7732,57,16310,91.5,-2941.0,-600.0,1046134,16367,1029767,1032708.0
2013-12-20,337702,40177,1033671,7535,58,16510,92.7,-4731.0,-446.0,1041206,16568,1024638,1029369.0
2013-12-27,330695,39625,1026664,7495,58,16461,92.4,-7007.0,-552.0,1034159,16519,1017640,1024647.0
2014-01-03,326737,40725,1022706,7961,58,16449,92.3,-3958.0,1100.0,1030667,16507,1014160,1018118.0
2014-01-10,319079,40870,1015048,6889,58,16035,90.0,-7658.0,145.0,1021937,16093,1005844,1013502.0
2014-01-17,320069,41592,1016038,7544,58,15408,86.5,990.0,722.0,1023582,15466,1008116,1007126.0
2014-01-24,326490,41829,1022459,8048,61,15712,88.2,6421.0,237.0,1030507,15773,1014734,1008313.0
2014-01-31,326930,40276,1022899,6887,61,15343,86.1,440.0,-1553.0,1029786,15404,1014382,1013942.0
2014-02-07,329983,37603,1025952,7929,61,15511,87.1,3053.0,-2673.0,1033881,15572,1018309,1015256.0
2014-02-14,330956,35870,1026925,7421,61,15460,86.8,973.0,-1733.0,1034346,15521,1018825,1017852.0
2014-02-21,331024,34792,1026993,7037,64,15678,88.0,68.0,-1078.0,1034030,15742,1018288,1018220.0
2014-02-28,332453,32132,1028422,7112,64,15565,87.4,1429.0,-2660.0,1035534,15629,1019905,1018476.0
2014-03-07,338333,30791,1034302,7311,64,15314,86.0,5880.0,-1341.0,1041613,15378,1026235,1020355.0
2014-03-14,344183,29802,1040152,7309,64,15251,85.6,5850.0,-989.0,1047461,15315,1032146,1026296.0
2014-03-21,350802,28477,1046771,7617,64,15324,86.0,6619.0,-1325.0,1054388,15388,1039000,1032381.0
2014-03-28,348423,27254,1044392,6831,67,15623,87.7,-2379.0,-1223.0,1051223,15690,1035533,1037912.0
2014-04-04,352341,27599,1048070,7312,67,15694,87.5,3918.0,345.0,1055382,15761,1039621,1035703.0
2014-04-11,362354,26828,1057460,8271,67,15929,88.8,10013.0,-771.0,1065731,15996,1049735,1039722.0
2014-04-18,365878,26040,1060446,7796,67,16323,91.0,3524.0,-788.0,1068242,16390,1051852,1048328.0
2014-04-25,367576,25428,1061189,7483,71,16312,91.0,1698.0,-612.0,1068672,16383,1052289,1050591.0
2014-05-02,366004,24033,1058868,6885,71,16172,90.2,-1572.0,-1395.0,1065753,16243,1049510,1051082.0
2014-05-09,366951,23441,1058471,7127,71,15908,88.8,947.0,-592.0,1065598,15979,1049619,1048672.0
2014-05-16,359725,23216,1050696,6469,71,15906,88.7,-7226.0,-225.0,1057165,15977,1041188,1048414.0
2014-05-23,361382,21691,1052353,7809,74,16113,89.9,1657.0,-1525.0,1060162,16187,1043975,1042318.0
2014-05-30,357951,21370,1048922,7123,74,16270,90.8,-3431.0,-321.0,1056045,16344,1039701,1043132.0
2014-06-06,355221,21172,1046192,7146,74,15766,87.9,-2730.0,-198.0,1053338,15840,1037498,1040228.0
2014-06-13,354642,21419,1045614,7234,74,15611,87.1,-579.0,247.0,1052848,15685,1037163,1037742.0
2014-06-20,356384,21835,1047356,7341,273,15872,88.5,1742.0,416.0,1054697,16145,1038552,1036810.0
2014-06-27,353229,20476,1044201,7265,273,16385,91.4,-3155.0,-1359.0,1051466,16658,1034808,1037963.0
2014-07-04,350822,20923,1041794,7285,273,16428,91.6,-2407.0,447.0,1049079,16701,1032378,1034785.0
2014-07-11,343297,20273,1034269,7427,273,16822,93.8,-7525.0,-650.0,1041696,17095,1024601,1032126.0
2014-07-18,339328,18823,1030300,7407,273,16812,93.8,-3969.0,-1450.0,1037707,17085,1020622,1024591.0
2014-07-25,335631,17899,1026603,7744,295,16765,93.5,-3697.0,-924.0,1034347,17060,1017287,1020984.0
2014-08-01,334167,17982,1025139,7563,295,16562,92.4,-1464.0,83.0,1032702,16857,1015845,1017309.0
2014-08-08,335568,18400,1026540,7846,295,16430,91.6,1401.0,418.0,1034386,16725,1017661,1016260.0
2014-08-15,331094,20155,1022066,7459,295,16750,93.4,-4474.0,1755.0,1029525,17045,1012480,1016954.0
2014-08-22,329024,20663,1019996,7633,385,16768,93.5,-2070.0,508.0,1027629,17153,1010476,1012546.0
2014-08-29,328119,20278,1019091,7675,385,16734,93.3,-905.0,-385.0,1026766,17119,1009647,1010552.0
2014-09-05,327428,20356,1018400,7621,385,16710,93.9,-691.0,78.0,1026021,17095,1008926,1009617.0
2014-09-12,331101,19999,1022073,8114,385,16561,93.0,3673.0,-357.0,1030187,16946,1013241,1009568.0
2014-09-19,326828,20190,1017800,6870,385,16633,93.4,-4273.0,191.0,1024670,17018,1007652,1011925.0
2014-09-26,325465,20505,1016435,7284,420,16005,89.8,-1363.0,315.0,1023719,16425,1007294,1008657.0
2014-10-03,330380,18929,1021349,7712,420,15904,89.3,4915.0,-1576.0,1029061,16324,1012737,1007822.0
2014-10-10,339303,19645,1030271,7740,420,15687,88.1,8923.0,716.0,1038011,16107,1021904,1012981.0
2014-10-17,346414,20598,1037382,7477,420,15447,86.7,7111.0,953.0,1044859,15867,1028992,1021881.0
2014-10-24,348475,21374,1039442,7101,411,15427,86.6,2061.0,776.0,1046543,15838,1030705,1028644.0
2014-10-31,348935,20823,1039902,6675,411,15746,88.4,460.0,-551.0,1046577,16157,1030420,1029960.0
2014-11-07,346150,22527,1037116,6877,411,16050,90.1,-2785.0,1704.0,1043993,16461,1027532,1030317.0
2014-11-14,348758,23245,1039724,7638,411,16246,91.2,2608.0,718.0,1047362,16657,1030705,1028097.0
2014-11-21,350704,24579,1041670,7473,374,16291,91.5,1946.0,1334.0,1049143,16665,1032478,1030532.0
2014-11-28,347015,23885,1037980,7303,374,16638,93.4,-3689.0,-694.0,1045283,17012,1028271,1031960.0
2014-12-05,348313,24905,1039276,7668,374,16993,95.4,1298.0,1020.0,1046944,17367,1029577,1028279.0
2014-12-12,347466,27825,1038429,7104,374,16653,93.5,-847.0,2920.0,1045533,17027,1028506,1029353.0
2014-12-19,354733,28798,1045696,8292,388,16660,93.5,7267.0,973.0,1053988,17048,1036940,1029673.0
2014-12-26,352979,30793,1043942,7061,388,16822,94.4,-1754.0,1995.0,1051003,17210,1033793,1035547.0
2015-01-02,348806,32098,1039767,6856,388,16729,93.9,-4173.0,1305.0,1046623,17117,1029506,1033679.0
2015-01-09,354195,33874,1045154,7492,388,16225,91.0,5389.0,1776.0,1052646,16613,1036033,1030644.0
2015-01-16,364266,36783,1055224,7218,388,15250,85.5,10071.0,2909.0,1062442,15638,1046804,1036733.0
2015-01-23,373140,38868,1064097,7422,502,15690,88.0,8874.0,2085.0,1071519,16192,1055327,1046453.0
2015-01-30,379473,41384,1070430,7387,502,16025,89.9,6333.0,2516.0,1077817,16527,1061290,1054957.0
2015-02-06,383800,42598,1074756,7286,502,16013,90.0,4327.0,1214.0,1082042,16515,1065527,1061200.0
2015-02-13,391516,46261,1082471,7105,502,15781,88.7,7716.0,3663.0,1089576,16283,1073293,1065577.0
2015-02-20,399943,48680,1090898,7279,478,15553,87.4,8427.0,2419.0,1098177,16031,1082146,1073719.0
2015-02-27,410246,49216,1101201,7368,478,15402,86.6,10303.0,536.0,1108569,15880,1092689,1082386.0
2015-03-06,415425,51538,1106378,6793,478,15612,87.8,5179.0,2322.0,1113171,16090,1097081,1091902.0
2015-03-13,425047,54403,1116000,7496,478,15681,88.1,9622.0,2865.0,1123496,16159,1107337,1097715.0
2015-03-20,433217,56314,1124169,7392,503,15837,89.0,8170.0,1911.0,1131561,16340,1115221,1107051.0
2015-03-27,437983,58943,1128935,7348,503,15896,89.4,4766.0,2629.0,1136283,16399,1119884,1115118.0
2015-04-03,449662,60175,1140614,8217,503,16121,90.1,11679.0,1232.0,1148831,16624,1132207,1120528.0
2015-04-10,450956,61462,1141906,7148,503,16513,92.3,1294.0,1287.0,1149054,17016,1132038,1130744.0
2015-04-17,456271,62200,1147221,7765,503,16308,91.2,5315.0,738.0,1154986,16811,1138175,1132860.0
2015-04-24,458181,61686,1149129,7446,467,16340,91.3,1910.0,-514.0,1156575,16807,1139768,1137858.0
2015-05-01,454079,61674,1145027,6541,467,16629,93.0,-4102.0,-12.0,1151568,17096,1134472,1138574.0
2015-05-08,451888,60684,1142835,6881,467,16302,91.2,-2191.0,-990.0,1149716,16769,1132947,1135138.0
2015-05-15,449214,60443,1140474,7199,467,16522,92.4,-2674.0,-241.0,1147673,16989,1130684,1133358.0
2015-05-22,446412,60010,1138259,6696,441,16726,93.6,-2802.0,-433.0,1144955,17167,1127788,1130590.0
2015-05-29,444464,59027,1136810,7373,441,16662,93.2,-1948.0,-983.0,1144183,17103,1127080,1129028.0
2015-06-05,438447,58003,1130792,6623,441,16912,94.6,-6017.0,-1024.0,1137415,17353,1120062,1126079.0
2015-06-12,435771,58115,1128715,7067,441,16648,93.1,-2676.0,112.0,1135782,17089,1118693,1121369.0
2015-06-19,430837,56245,1124131,6765,571,16794,94.0,-4934.0,-1870.0,1130896,17365,1113531,1118465.0
2015-06-26,433223,56368,1126915,7513,571,16976,95.0,2386.0,123.0,1134428,17547,1116881,1114495.0
2015-07-03,433714,56667,1127937,7316,571,16929,94.7,491.0,299.0,1135253,17500,1117753,1117262.0
2015-07-10,429368,57105,1123990,7354,571,17110,95.3,-4346.0,438.0,1131344,17681,1113663,1118009.0
2015-07-17,431836,57918,1126971,7941,571,17160,95.5,2468.0,813.0,1134912,17731,1117181,1114713.0
2015-07-24,427633,57706,1122767,7545,571,17084,95.1,-4203.0,-212.0,1130312,17655,1112657,1116860.0
2015-07-31,423226,57164,1118360,7180,576,17261,96.1,-4407.0,-542.0,1125540,17837,1107703,1112110.0
2015-08-07,421822,57113,1116956,7573,576,17261,96.1,-1404.0,-51.0,1124529,17837,1106692,1108096.0
2015-08-14,424442,57439,1119575,8038,576,17083,95.1,2620.0,326.0,1127613,17659,1109954,1107334.0
2015-08-21,418990,57695,1114123,7199,477,16980,94.5,-5452.0,256.0,1121322,17457,1103865,1109317.0
2015-08-28,423657,57307,1118790,7855,477,16673,92.8,4667.0,-388.0,1126645,17150,1109495,1104828.0
2015-09-04,426062,56410,1121192,7459,477,16368,90.9,2405.0,-897.0,1128651,16845,1111806,1109401.0
2015-09-11,423958,54504,1119088,7189,477,16780,93.1,-2104.0,-1906.0,1126277,17257,1109020,1111124.0
2015-09-18,422033,54042,1117163,7176,477,16382,90.9,-1925.0,-462.0,1124339,16859,1107480,1109405.0
2015-09-25,425988,52974,1121116,7554,526,16182,89.8,3955.0,-1068.0,1128670,16708,1111962,1108007.0
2015-10-02,429028,53072,1124156,7068,526,15770,87.5,3040.0,98.0,1131224,16296,1114928,1111888.0
2015-10-09,436590,54197,1131718,7315,526,15537,86.0,7562.0,1125.0,1139033,16063,1122970,1115408.0
2015-10-16,444618,54119,1139745,7471,526,15597,86.4,8028.0,-78.0,1147216,16123,1131093,1123065.0
2015-10-23,447994,53334,1143121,7032,504,15826,87.6,3376.0,-785.0,1150153,16330,1133823,1130447.0
2015-10-30,450841,53122,1145968,6943,504,16014,88.7,2847.0,-212.0,1152911,16518,1136393,1133546.0
2015-11-06,454822,55359,1149948,7377,504,16169,89.5,3981.0,2237.0,1157325,16673,1140652,1136671.0
2015-11-13,455074,56854,1150200,6968,504,16311,90.3,252.0,1495.0,1157168,16815,1140353,1140101.0
2015-11-20,456035,58598,1151160,7333,445,16609,92.0,961.0,1744.0,1158493,17054,1141439,1140478.0
2015-11-27,457212,59026,1152337,7747,445,17070,94.5,1177.0,428.0,1160084,17515,1142569,1141392.0
2015-12-04,453553,59449,1148676,8021,445,16865,93.1,-3659.0,423.0,1156697,17310,1139387,1143046.0
2015-12-11,458354,60056,1153477,8312,445,16663,91.9,4801.0,607.0,1161789,17108,1144681,1139880.0
2015-12-18,452477,62101,1147600,7326,500,16540,91.3,-5877.0,2045.0,1154926,17040,1137886,1143763.0
2015-12-25,455106,62993,1150226,7892,500,16785,92.6,2629.0,892.0,1158118,17285,1140833,1138204.0
2016-01-01,450956,63910,1146076,7510,500,16760,92.5,-4150.0,917.0,1153586,17260,1136326,1140476.0
2016-01-08,451190,64007,1146309,8188,500,16530,91.2,234.0,97.0,1154497,17030,1137467,1137233.0
2016-01-15,455169,64198,1150287,7779,500,16425,90.6,3979.0,191.0,1158066,16925,1141141,1137162.0
2016-01-22,463552,63427,1158670,7609,399,15833,87.4,8383.0,-771.0,1166279,16232,1150047,1141664.0
2016-01-29,471344,64174,1166461,8256,399,15701,86.6,7792.0,747.0,1174717,16100,1158617,1150825.0
2016-02-05,470676,64697,1165792,7124,399,15643,86.1,-668.0,523.0,1172916,16042,1156874,1157542.0
2016-02-12,472823,64733,1167939,7919,399,16042,88.3,2147.0,36.0,1175858,16441,1159417,1157270.0
2016-02-19,476325,65066,1171440,7802,399,15857,87.3,3502.0,333.0,1179242,16256,1162986,1159484.0
2016-02-26,486699,66256,1181814,8292,387,16037,88.3,10374.0,1190.0,1190106,16424,1173682,1163308.0
2016-03-04,490843,66946,1185955,8048,387,16192,89.1,4144.0,690.0,1194003,16579,1177424,1173280.0
2016-03-11,492160,67491,1187274,7693,387,16169,89.0,1317.0,545.0,1194967,16556,1178411,1177094.0
2016-03-18,501517,66233,1196631,8384,387,16069,88.4,9357.0,-1258.0,1205015,16456,1188559,1179202.0
2016-03-25,503816,65961,1198928,7748,387,16422,90.4,2299.0,-272.0,1206676,16809,1189867,1187568.0
2016-04-01,498598,66318,1193710,7254,339,16615,91.4,-5218.0,357.0,1200964,16954,1184010,1189228.0
2016-04-08,505232,64551,1200344,7940,339,16207,89.2,6634.0,-1767.0,1208284,16546,1191738,1185104.0
2016-04-15,507312,64303,1202424,8187,339,16258,89.4,2080.0,-248.0,1210611,16597,1194014,1191934.0
2016-04-22,509311,66049,1204422,7550,390,16140,88.1,1999.0,1746.0,1211972,16530,1195442,1193443.0
2016-04-29,512095,66292,1207203,7660,390,16423,89.7,2784.0,243.0,1214863,16813,1198050,1195266.0
2016-05-06,508487,67812,1203594,7655,390,16320,89.1,-3608.0,1520.0,1211249,16710,1194539,1198147.0
2016-05-13,509797,68273,1204904,7677,390,16570,90.5,1310.0,461.0,1212581,16960,1195621,1194311.0
2016-05-20,505571,67624,1200677,7315,390,16435,89.7,-4226.0,-649.0,1207992,16825,1191167,1195393.0
2016-05-27,504205,66920,1199311,7839,489,16440,89.8,-1366.0,-704.0,1207150,16929,1190221,1191587.0
2016-06-03,501844,65557,1196948,7705,489,16651,90.9,-2361.0,-1363.0,1204653,17140,1187513,1189874.0
2016-06-10,500911,66461,1196015,7622,489,16508,90.2,-933.0,904.0,1203637,16997,1186640,1187573.0
2016-06-17,499994,65181,1195098,8439,489,16718,91.3,-917.0,-1280.0,1203537,17207,1186330,1187247.0
2016-06-24,495941,64230,1191045,7555,598,17032,93.0,-4053.0,-951.0,1198600,17630,1180970,1185023.0
2016-07-01,493718,64148,1188820,8363,598,16927,92.5,-2223.0,-82.0,1197183,17525,1179658,1181881.0
2016-07-08,491172,63916,1186272,7841,598,16905,92.3,-2546.0,-232.0,1194113,17503,1176610,1179156.0
2016-07-15,488830,64105,1183929,8134,598,17071,93.2,-2342.0,189.0,1192063,17669,1174394,1176736.0
2016-07-22,490501,65215,1185600,8437,677,16924,92.4,1671.0,1110.0,1194037,17601,1176436,1174765.0
2016-07-29,491914,64092,1187013,8738,677,17097,93.3,1413.0,-1123.0,1195751,17774,1177977,1176564.0
2016-08-05,492969,65255,1188065,8404,677,16883,92.2,1055.0,1163.0,1196469,17560,1178909,1177854.0
2016-08-12,490461,64531,1185557,8193,677,17127,93.5,-2508.0,-724.0,1193750,17804,1175946,1178454.0
2016-08-19,492962,64906,1188057,8642,677,16937,92.5,2501.0,375.0,1196699,17614,1179085,1176584.0
2016-08-26,495238,63867,1190332,8917,698,17007,92.8,2276.0,-1039.0,1199249,17705,1181544,1179268.0
2016-09-02,480725,63433,1175818,7069,501,17280,93.7,-14513.0,-434.0,1182887,17781,1165106,1179619.0
2016-09-09,480166,62188,1175259,8062,418,17126,92.9,-559.0,-1245.0,1183321,17544,1165777,1166336.0
2016-09-16,473966,62714,1169058,8309,588,16964,92.0,-6200.0,526.0,1177367,17552,1159815,1166015.0
2016-09-23,472084,62083,1167176,7835,507,16607,90.1,-1882.0,-631.0,1175011,17114,1157897,1159779.0
2016-09-30,469108,62652,1164199,7710,440,16283,88.3,-2976.0,569.0,1171909,16723,1155186,1158162.0
2016-10-07,473958,61334,1169048,7861,481,15754,85.5,4850.0,-1318.0,1176909,16235,1160674,1155824.0
2016-10-14,468711,59699,1163800,6907,439,15671,85.0,-5247.0,-1635.0,1170707,16110,1154597,1159844.0
2016-10-21,468158,58362,1163247,7016,415,15787,85.6,-553.0,-1337.0,1170263,16202,1154061,1154614.0
2016-10-28,482578,58451,1177666,8995,404,15700,85.2,14420.0,89.0,1186661,16104,1170557,1156137.0
2016-11-04,485010,58479,1180097,7442,410,16048,87.1,2432.0,28.0,1187539,16458,1171081,1168649.0
2016-11-11,490284,59170,1185371,8423,481,16449,89.2,5274.0,691.0,1193794,16930,1176864,1171590.0
2016-11-18,489029,59083,1184115,7578,469,16734,90.8,-1255.0,-87.0,1191693,17203,1174490,1175745.0
2016-11-25,488145,61502,1183230,7548,474,16559,89.8,-884.0,2419.0,1190778,17033,1173745,1174629.0
2016-12-02,485756,65285,1180840,8303,499,16669,90.4,-2389.0,3783.0,1189143,17168,1171975,1174364.0
2016-12-09,483193,66508,1178277,7360,485,16702,90.5,-2563.0,1223.0,1185637,17187,1168450,1171013.0
2016-12-16,485449,66263,1180532,8471,557,16892,91.5,2256.0,-245.0,1189003,17449,1171554,1169298.0
2016-12-23,486063,66435,1181145,8167,627,16796,91.0,614.0,172.0,1189312,17423,1171889,1171275.0
2016-12-30,479012,67509,1174094,7183,686,16973,92.0,-7051.0,1074.0,1181277,17659,1163618,1170669.0
2017-01-06,483109,66930,1178191,9052,727,17296,93.6,4097.0,-579.0,1187243,18023,1169220,1165123.0
2017-01-13,485456,65656,1180537,8378,704,16748,90.7,2347.0,-1274.0,1188915,17452,1171463,1169116.0
2017-01-20,488296,65372,1183377,7810,599,16312,88.3,2840.0,-284.0,1191187,16911,1174276,1171436.0
2017-01-27,494762,64127,1189841,8290,549,16302,88.2,6466.0,-1245.0,1198131,16851,1181280,1174814.0
2017-02-03,508592,65270,1203670,9372,567,16207,87.7,13830.0,1143.0,1213042,16774,1196268,1182438.0
2017-02-10,518119,64568,1213197,8491,1026,15770,85.4,9527.0,-702.0,1221688,16796,1204892,1195365.0
2017-02-17,518683,63040,1213761,7286,1211,15570,84.3,564.0,-1528.0,1221047,16781,1204266,1203702.0
2017-02-24,520184,63535,1215260,7589,721,15886,86.0,1501.0,495.0,1222849,16607,1206242,1204741.0
2017-03-03,528393,64402,1223218,8150,897,15859,85.9,8209.0,867.0,1231368,16756,1214612,1206403.0
2017-03-10,528156,66532,1222165,7405,717,15756,85.1,-237.0,2130.0,1229570,16473,1213097,1213334.0
2017-03-17,533110,67951,1226493,8307,550,16183,87.4,4954.0,1419.0,1234800,16733,1218067,1213113.0
2017-03-24,533977,67731,1226636,8224,1010,16520,89.3,867.0,-220.0,1234860,17530,1217330,1216463.0
2017-03-31,535543,69144,1227678,7850,575,16803,90.8,1566.0,1413.0,1235528,17378,1218150,1216584.0
2017-04-07,533377,69420,1224887,7878,689,16945,91.0,-2166.0,276.0,1232765,17634,1215131,1217297.0
2017-04-14,532343,68642,1223654,7810,565,17296,92.9,-1034.0,-778.0,1231464,17861,1213603,1214637.0
2017-04-21,528702,67439,1219512,8912,1152,17515,94.1,-3641.0,-1203.0,1228424,18667,1209757,1213398.0
2017-04-28,527772,66711,1217110,8264,538,17368,93.3,-930.0,-728.0,1225374,17906,1207468,1208398.0
2017-05-05,522525,66273,1211312,7620,693,17034,91.5,-5247.0,-438.0,1218932,17727,1201205,1206452.0
2017-05-12,520772,66308,1208831,8590,1086,17384,93.4,-1753.0,35.0,1217421,18470,1198951,1200704.0
2017-05-19,516340,65567,1204001,8294,625,17402,93.5,-4432.0,-741.0,1212295,18027,1194268,1198700.0
2017-05-26,509912,64820,1196594,7985,1303,17679,95.0,-6428.0,-747.0,1204579,18982,1185597,1192025.0
2017-06-02,513207,63376,1198233,8341,557,17517,94.1,3295.0,-1444.0,1206574,18074,1188500,1185205.0
2017-06-09,511546,62220,1196171,8025,722,17572,94.4,-1661.0,-1156.0,1204196,18294,1185902,1187563.0
2017-06-16,509095,61140,1192937,7876,517,17494,94.0,-2451.0,-1080.0,1200813,18011,1182802,1185253.0
2017-06-23,509213,60843,1191649,8016,528,17216,92.5,118.0,-297.0,1199665,17744,1181921,1181803.0
2017-06-30,502914,59509,1184951,7742,768,17422,93.6,-6299.0,-1334.0,1192693,18190,1174503,1180802.0
2017-07-07,495350,57561,1174237,7610,918,17603,94.5,-7564.0,-1948.0,1181847,18521,1163326,1170890.0
2017-07-14,490623,57538,1169508,7996,728,17500,94.0,-4727.0,-23.0,1177504,18228,1159276,1164003.0
2017-07-21,483415,55839,1162300,8044,1030,17556,94.3,-7208.0,-1699.0,1170344,18586,1151758,1158966.0
2017-07-28,481888,55800,1160772,8253,702,17766,95.4,-1527.0,-39.0,1169025,18468,1150557,1152084.0
2017-08-04,475437,56369,1154320,7762,707,17861,96.3,-6451.0,569.0,1162082,18568,1143514,1149965.0
2017-08-11,466492,57047,1145375,8126,877,17840,96.1,-8945.0,678.0,1153501,18717,1134784,1143729.0
2017-08-18,463165,56544,1142048,8790,936,17708,95.4,-3327.0,-503.0,1150838,18644,1132194,1135521.0
2017-08-25,457773,57233,1136653,7905,902,17924,96.6,-5392.0,689.0,1144558,18826,1125732,1131124.0
2017-09-01,462353,58030,1140953,7083,153,14782,79.7,4580.0,797.0,1148036,14935,1133101,1128521.0
2017-09-08,468241,59053,1145248,6480,774,14435,77.7,5888.0,1023.0,1151728,15209,1136519,1130631.0
2017-09-15,472832,59756,1148229,7368,928,15446,83.2,4591.0,703.0,1155597,16374,1139223,1134632.0
2017-09-22,470986,60937,1145587,7427,1491,16443,88.6,-1846.0,1181.0,1153014,17934,1135080,1136926.0
2017-09-29,464963,62462,1138612,7214,1984,16358,88.1,-6023.0,1525.0,1145826,18342,1127484,1133507.0
2017-10-06,462216,63784,1134665,7617,1270,16562,89.2,-2747.0,1322.0,1142282,17832,1124450,1127197.0
2017-10-13,456485,63986,1128176,7483,1798,15697,84.5,-5731.0,202.0,1135659,17495,1118164,1123895.0
2017-10-20,457341,63749,1128718,8123,1924,16306,87.8,856.0,-237.0,1136841,18230,1118611,1117755.0
2017-10-27,454906,63839,1125493,7571,2133,16350,88.1,-2435.0,90.0,1133064,18483,1114581,1117016.0
2017-11-03,457143,64559,1127049,7377,869,16645,89.6,2237.0,720.0,1134426,17514,1116912,1114675.0
2017-11-10,458997,63055,1128197,7898,1129,16893,91.0,1854.0,-1504.0,1136095,18022,1118073,1116219.0
2017-11-17,457142,61228,1124617,7873,1591,16962,91.3,-1855.0,-1827.0,1132490,18553,1113937,1115792.0
2017-11-24,453713,58314,1118824,7329,1412,17191,92.6,-3429.0,-2914.0,1126153,18603,1107550,1110979.0
2017-12-01,448103,55561,1110766,7202,1358,17428,93.8,-5610.0,-2753.0,1117968,18786,1099182,1104792.0
2017-12-08,442986,52244,1105897,7363,1086,17279,93.4,-5117.0,-3317.0,1113260,18365,1094895,1100012.0
2017-12-15,436491,52998,1099785,7834,1858,17404,94.1,-6495.0,754.0,1107619,19262,1088357,1094852.0
2017-12-22,431882,51414,1095274,7993,1210,17715,95.7,-4609.0,-1584.0,1103267,18925,1084342,1088951.0
2017-12-29,424463,48973,1088211,7966,1475,17883,96.7,-7419.0,-2441.0,1096177,19358,1076819,1084238.0
2018-01-05,419515,46578,1083262,7658,1015,17629,95.3,-4948.0,-2395.0,1090920,18644,1072276,1077224.0
2018-01-12,412654,42394,1076872,7950,1249,17209,93.0,-6861.0,-4184.0,1084822,18458,1066364,1073225.0
2018-01-19,411583,39244,1076037,8041,1411,16820,90.9,-1071.0,-3150.0,1084078,18231,1065847,1066918.0
2018-01-26,418359,37020,1083045,8430,1765,16305,88.1,6776.0,-2224.0,1091475,18070,1073405,1066629.0
2018-02-02,420254,36309,1085402,7892,1287,17128,92.5,1895.0,-711.0,1093294,18415,1074879,1072984.0
2018-02-09,422095,32667,1087663,7888,1322,16632,89.8,1841.0,-3642.0,1095551,17954,1077597,1075756.0
2018-02-16,420479,30003,1085351,7021,2044,16312,88.1,-1616.0,-2664.0,1092372,18356,1074016,1075632.0
2018-02-23,423498,28785,1088779,7282,1445,16251,87.8,3019.0,-1218.0,1096061,17696,1078365,1075346.0
2018-03-02,425906,28180,1091364,8003,1498,16283,88.0,2408.0,-605.0,1099367,17781,1081586,1079178.0
2018-03-09,430928,28518,1096386,7585,1487,16687,90.0,5022.0,338.0,1103971,18174,1085797,1080775.0
2018-03-16,428306,29423,1093764,7077,1573,17008,91.7,-2622.0,905.0,1100841,18581,1082260,1084882.0
2018-03-23,429949,31227,1095407,8148,1578,17129,92.3,1643.0,1804.0,1103555,18707,1084848,1083205.0
2018-03-30,425332,34893,1090788,7898,2175,17259,93.0,-4617.0,3666.0,1098686,19434,1079252,1083869.0
2018-04-06,428638,36022,1094094,8650,1205,17355,93.5,3306.0,1129.0,1102744,18560,1084184,1080878.0
2018-04-13,427567,34907,1093023,7930,1749,17151,92.4,-1071.0,-1115.0,1100953,18900,1082053,1083124.0
2018-04-20,429737,35366,1094455,8469,2331,16867,90.8,2170.0,459.0,1102924,19198,1083726,1081556.0
2018-04-27,435955,35782,1100221,8549,2148,16912,91.1,6218.0,416.0,1108770,19060,1089710,1083492.0
2018-05-04,433758,37170,1097315,7323,1877,16792,90.4,-2197.0,1388.0,1104638,18669,1085969,1088166.0
2018-05-11,432354,37223,1094391,7601,2566,16917,91.1,-1404.0,53.0,1101992,19483,1082509,1083913.0
2018-05-18,438132,36100,1099468,8159,1748,17049,91.8,5778.0,-1123.0,1107627,18797,1088830,1083052.0
2018-05-25,434512,35544,1095289,7631,2179,17436,93.9,-3620.0,-556.0,1102920,19615,1083305,1086925.0
2018-06-01,436584,34589,1096752,8346,1714,17707,95.4,2072.0,-955.0,1105098,19421,1085677,1083605.0
2018-06-08,432441,33902,1092609,8099,2030,17798,95.7,-4143.0,-687.0,1100708,19828,1080880,1085023.0
2018-06-15,426527,32606,1086543,8242,2374,17983,96.7,-5914.0,-1296.0,1094785,20357,1074428,1080342.0
2018-06-22,416636,29893,1076652,8356,3000,18124,97.5,-9891.0,-2713.0,1085008,21124,1063884,1073775.0
2018-06-29,417881,27780,1077897,9055,2336,18051,97.1,1245.0,-2113.0,1086952,20387,1066565,1065320.0
2018-07-06,405248,25718,1065263,7431,2027,17981,96.7,-12633.0,-2062.0,1072694,20008,1052686,1065319.0
2018-07-13,411084,24858,1071098,9066,1461,17536,94.3,5836.0,-860.0,1080164,18997,1061167,1055331.0
2018-07-20,404937,23731,1064951,7770,2683,17451,93.8,-6147.0,-1127.0,1072721,20134,1052587,1058734.0
2018-07-27,408740,22393,1068754,7749,1310,17880,96.1,3803.0,-1338.0,1076503,19190,1057313,1053510.0
2018-08-03,407389,21803,1067402,7931,1850,17973,96.6,-1351.0,-590.0,1075333,19823,1055510,1056861.0
2018-08-10,414194,23446,1074207,9014,1592,18243,98.1,6805.0,1643.0,1083221,19835,1063386,1056581.0
2018-08-17,408358,24218,1068370,7518,1155,18236,98.1,-5836.0,772.0,1075888,19391,1056497,1062333.0
2018-08-24,405792,24276,1065804,7485,1779,17919,96.3,-2566.0,58.0,1073289,19698,1053591,1056157.0
2018-08-31,401490,24825,1061502,7714,1508,17963,96.6,-4302.0,549.0,1069216,19471,1049745,1054047.0
2018-09-07,396194,23583,1056205,7591,1828,18150,97.6,-5296.0,-1242.0,1063796,19978,1043818,1049114.0
2018-09-14,394137,22333,1054147,8024,2367,17748,95.4,-2057.0,-1250.0,1062171,20115,1042056,1044113.0
2018-09-21,395989,22794,1055999,7802,2640,16816,90.4,1852.0,461.0,1063801,19456,1044345,1042493.0
2018-09-28,403964,24493,1063974,7965,1723,16808,90.4,7975.0,1699.0,1071939,18531,1053408,1045433.0
2018-10-05,409951,26852,1068655,7397,2576,16518,88.8,5987.0,2359.0,1076052,19094,1056958,1050971.0
2018-10-12,416441,28628,1074075,7615,1782,16513,88.8,6490.0,1776.0,1081690,18295,1063395,1056905.0
2018-10-19,422787,29999,1079263,7678,2180,16591,89.2,6346.0,1371.0,1086941,18771,1068170,1061824.0
2018-10-26,426004,31877,1080939,7344,2485,16625,89.4,3217.0,1878.0,1088283,19110,1069173,1065956.0
2018-11-02,431787,34296,1086487,7539,2405,16740,90.0,5783.0,2419.0,1094026,19145,1074881,1069098.0
2018-11-09,442057,35463,1095386,7452,2050,16765,90.1,10270.0,1167.0,1102838,18815,1084023,1073753.0
2018-11-16,446908,35347,1099477,7554,1969,17245,92.7,4851.0,-116.0,1107031,19214,1087817,1082966.0
2018-11-23,450485,36524,1101049,8162,2442,17789,95.6,3577.0,1177.0,1109211,20231,1088980,1085403.0
2018-11-30,443162,38253,1092723,7219,3203,17770,95.5,-7323.0,1729.0,1099942,20973,1078969,1086292.0
2018-12-07,441954,39401,1091517,7393,2274,17698,95.1,-1208.0,1148.0,1098910,19972,1078938,1080146.0
2018-12-14,441457,40492,1090594,7423,2325,17750,95.4,-497.0,1091.0,1098017,20075,1077942,1078439.0
2018-12-21,441411,41291,1090550,7656,2969,17694,95.1,-46.0,799.0,1098206,20663,1077543,1077589.0
2018-12-28,441418,41932,1090557,7392,2237,18077,97.2,7.0,641.0,1097949,20314,1077635,1077628.0
2019-01-04,439738,42262,1088877,7846,2065,17883,96.1,-1680.0,330.0,1096723,19948,1076775,1078455.0
2019-01-11,437055,41519,1086194,7527,2966,17599,94.6,-2683.0,-743.0,1093721,20565,1073156,1075839.0
2019-01-18,445025,41329,1094164,8191,2035,17285,92.9,7970.0,-190.0,1102355,19320,1083035,1075065.0
2019-01-25,445944,41184,1095083,7083,1944,16759,90.1,919.0,-145.0,1102166,18703,1083463,1082544.0
2019-02-01,447207,42625,1096346,7146,2870,16864,90.7,1263.0,1441.0,1103492,19734,1083758,1082495.0
2019-02-08,450840,41609,1099979,6210,2364,15989,85.9,3633.0,-1016.0,1106189,18353,1087836,1084203.0
2019-02-15,454512,45022,1103651,7522,3607,15987,85.9,3672.0,3413.0,1111173,19594,1091579,1087907.0
2019-02-22,445865,46650,1095004,5917,3359,16196,87.1,-8647.0,1628.0,1100921,19555,1081366,1090013.0
2019-03-01,452934,47523,1102060,7001,2803,16285,87.5,7069.0,873.0,1109061,19088,1089973,1082904.0
2019-03-08,449072,46851,1098198,6746,2546,16290,87.6,-3862.0,-672.0,1104944,18836,1086108,1089970.0
2019-03-15,439483,46383,1088609,6932,3392,16536,88.9,-9589.0,-468.0,1095541,19928,1075613,1085202.0
2019-03-22,442283,46924,1091409,6540,2886,16114,86.6,2800.0,541.0,1097949,19000,1078949,1076149.0
2019-03-29,449521,47125,1098647,6763,2723,16078,86.4,7238.0,201.0,1105410,18801,1086609,1079371.0
2019-04-05,456550,45992,1105676,6599,2349,16407,87.5,7029.0,-1133.0,1112275,18756,1093519,1086490.0
2019-04-12,455154,44449,1104280,5992,2401,16446,87.7,-1396.0,-1543.0,1110272,18847,1091425,1092821.0
2019-04-19,460633,44912,1109759,7149,2681,16910,90.1,5479.0,463.0,1116908,19591,1097317,1091838.0
2019-04-26,470567,45177,1119154,7414,2611,16741,89.2,9934.0,265.0,1126568,19352,1107216,1097282.0
2019-05-03,466604,45998,1114321,6693,2322,16687,88.9,-3963.0,821.0,1121014,19009,1102005,1105968.0
2019-05-10,472035,47803,1117988,7612,3347,16978,90.5,5431.0,1805.0,1125600,20325,1105275,1099844.0
2019-05-17,476775,49069,1121593,6943,2922,16875,89.9,4740.0,1266.0,1128536,19797,1108739,1103999.0
2019-05-24,476493,49053,1121311,6862,3317,17108,91.2,-282.0,-16.0,1128173,20425,1107748,1108030.0
2019-05-31,483264,50844,1128082,7927,3298,17227,91.8,6771.0,1791.0,1136009,20525,1115484,1108713.0
2019-06-07,485470,52940,1130288,7611,3122,17535,93.2,2206.0,2096.0,1137899,20657,1117242,1115036.0
2019-06-14,482364,53582,1127182,7467,3422,17669,93.9,-3106.0,642.0,1134649,21091,1113558,1116664.0
2019-06-21,469576,51836,1114394,6656,3770,17712,94.2,-12788.0,-1746.0,1121050,21482,1099568,1112356.0
2019-06-28,468491,52488,1113309,7585,2990,17718,94.2,-1085.0,652.0,1120894,20708,1100186,1101271.0
2019-07-05,458992,52178,1103810,7302,3048,17808,94.7,-9499.0,-310.0,1111112,20856,1090256,1099755.0
2019-07-12,455876,50827,1100694,6832,2534,17741,94.4,-3116.0,-1351.0,1107526,20275,1087251,1090367.0
2019-07-19,445041,50398,1089859,7028,3292,17508,93.1,-10835.0,-429.0,1096887,20800,1076087,1086922.0
2019-07-26,436545,48865,1081363,6663,2574,17484,93.0,-8496.0,-1533.0,1088026,20058,1067968,1076464.0
2019-08-02,438930,47361,1083748,7148,1865,18117,96.4,2385.0,-1504.0,1090896,19982,1070914,1068529.0
2019-08-09,440510,44821,1085328,7714,2683,17826,94.8,1580.0,-2540.0,1093042,20509,1072533,1070953.0
2019-08-16,437778,42336,1082596,7218,2803,18038,95.9,-2732.0,-2485.0,1089814,20841,1068973,1071705.0
2019-08-23,427751,40356,1072569,5928,3019,17906,95.2,-10027.0,-1980.0,1078497,20925,1057572,1067599.0
2019-08-30,422980,40126,1067798,6904,3061,17824,94.8,-4771.0,-230.0,1074702,20885,1053817,1058588.0
2019-09-06,416068,39328,1060886,6725,3295,17888,95.1,-6912.0,-798.0,1067611,21183,1046428,1053340.0
2019-09-13,417126,38681,1061944,7050,3175,17145,91.2,1058.0,-647.0,1068994,20320,1048674,1047616.0
2019-09-20,419538,40937,1064356,6378,2983,16888,89.8,2412.0,2256.0,1070734,19871,1050863,1048451.0
2019-09-27,422642,40736,1067460,6291,2867,16252,86.4,3104.0,-201.0,1073751,19119,1054632,1051528.0
2019-10-04,425569,41677,1070187,6224,3401,16107,85.7,2927.0,941.0,1076411,19508,1056903,1053976.0
2019-10-11,434850,42953,1078199,6295,3248,15617,83.1,9281.0,1276.0,1084494,18865,1065629,1056348.0
2019-10-18,433151,44459,1075501,5857,3683,16012,85.2,-1699.0,1506.0,1081358,19695,1061663,1063362.0
2019-10-25,438853,46031,1080505,6697,3327,16487,87.7,5702.0,1572.0,1087202,19814,1067388,1061686.0
2019-11-01,446782,47745,1087734,6077,2371,16169,86.0,7929.0,1714.0,1093811,18540,1075271,1067342.0
2019-11-08,449001,46516,1088510,5750,2633,16506,87.8,2219.0,-1229.0,1094260,19139,1075121,1072902.0
2019-11-15,450380,44221,1087917,5972,3027,16829,89.5,1379.0,-2295.0,1093889,19856,1074033,1072654.0
2019-11-22,451952,44124,1088122,6190,3480,16797,89.3,1572.0,-97.0,1094312,20277,1074035,1072463.0
2019-11-29,447096,43822,1082262,5989,3135,17284,91.9,-4856.0,-302.0,1088251,20419,1067832,1072688.0
2019-12-06,447918,40429,1082886,6887,3400,17040,90.6,822.0,-3393.0,1089773,20440,1069333,1068511.0
2019-12-13,446833,40164,1081800,6579,3633,17033,90.6,-1085.0,-265.0,1088379,20666,1067713,1068798.0
2019-12-20,441359,37771,1076326,6809,3397,17547,93.3,-5474.0,-2393.0,1083135,20944,1062191,1067665.0
2019-12-27,429896,36322,1064863,6352,4462,17768,94.5,-11463.0,-1449.0,1071215,22230,1048985,1060448.0
2020-01-03,431060,35501,1066027,6730,3064,17484,93.0,1164.0,-821.0,1072757,20548,1052209,1051045.0
2020-01-10,428511,35843,1063478,6552,3481,17333,92.2,-2549.0,342.0,1070030,20814,1049216,1051765.0
2020-01-17,428106,34882,1063073,6432,3414,17021,90.5,-405.0,-961.0,1069505,20435,1049070,1049475.0
2020-01-24,431654,35640,1066621,6660,3509,16409,87.2,3548.0,758.0,1073281,19918,1053363,1049815.0
2020-01-31,435009,36708,1069976,6615,3413,16445,87.4,3355.0,1068.0,1076591,19858,1056733,1053378.0
2020-02-07,442468,38376,1077435,6978,2970,16545,88.0,7459.0,1668.0,1084413,19515,1064898,1057439.0
2020-02-14,442883,38243,1077850,6547,3564,16812,89.4,415.0,-133.0,1084397,20376,1064021,1063606.0
2020-02-21,443335,39149,1078302,6217,3657,16524,87.9,452.0,906.0,1084519,20181,1064338,1063886.0
2020-02-28,444119,37178,1079086,6238,4154,16348,86.9,784.0,-1971.0,1085324,20502,1064822,1064038.0
2020-03-06,451783,37882,1086750,6412,3410,16248,86.4,7664.0,704.0,1093162,19658,1073504,1065840.0
2020-03-13,453737,38445,1088704,6539,4378,16243,86.4,1954.0,563.0,1095243,20621,1074622,1072668.0
2020-03-20,455360,39303,1090327,6117,3850,16417,87.3,1623.0,858.0,1096444,20267,1076177,1074554.0
2020-03-27,469193,42824,1104160,6047,3155,15481,82.3,13833.0,3521.0,1110207,18636,1091571,1077738.0
2020-04-03,484370,49241,1119337,5874,2833,14216,75.6,15177.0,6417.0,1125211,17049,1108162,1092985.0
2020-04-10,503618,54965,1138585,5680,3436,13113,69.1,19248.0,5724.0,1144265,16549,1127716,1108468.0
2020-04-17,518640,59741,1153607,4937,2890,12825,67.6,15022.0,4776.0,1158544,15715,1142829,1127807.0
2020-04-24,527631,63378,1163748,5302,3302,13207,69.6,8991.0,3637.0,1169050,16509,1152541,1143550.0
2020-05-01,532221,65446,1170054,5712,3546,13382,70.5,4590.0,2068.0,1175766,16928,1158838,1154248.0
2020-05-08,531476,62444,1171242,5391,3525,12883,67.9,-745.0,-3002.0,1176633,16408,1160225,1160970.0
2020-05-15,526494,56857,1168142,5197,3239,13177,69.4,-4982.0,-5587.0,1173339,16416,1156923,1161905.0
2020-05-22,534422,53462,1178181,7200,3176,13527,71.3,7928.0,-3395.0,1185381,16703,1168678,1160750.0
2020-05-29,532345,51723,1180124,6179,2794,13616,71.8,-2077.0,-1739.0,1186303,16410,1169893,1171970.0
2020-06-05,538065,49444,1188064,6864,2439,13871,73.1,5720.0,-2279.0,1194928,16310,1178618,1172898.0
2020-06-12,539280,46836,1191010,6642,2462,13999,73.8,1215.0,-2608.0,1197652,16461,1181191,1179976.0
2020-06-19,540722,45845,1194443,6540,3157,14162,74.6,1442.0,-991.0,1200983,17319,1183664,1182222.0
2020-06-26,533527,45582,1188940,5969,3092,14320,75.5,-7195.0,-263.0,1194909,17412,1177497,1184692.0
2020-07-03,539181,47788,1195204,7394,2387,14698,77.5,5654.0,2206.0,1202598,17085,1185513,1179859.0
2020-07-10,531688,48737,1187837,5567,2543,14826,78.1,-7493.0,949.0,1193404,17369,1176035,1183528.0
2020-07-17,536580,50112,1192727,5941,2993,14777,77.9,4892.0,1375.0,1198668,17770,1180898,1176006.0
2020-07-24,525969,51421,1182116,5146,3211,15090,79.5,-10611.0,1309.0,1187262,18301,1168961,1179572.0
2020-07-31,518596,51953,1174737,6010,2819,15104,79.6,-7373.0,532.0,1180747,17923,1162824,1170197.0
2020-08-07,514084,53289,1167983,5621,3143,15108,81.0,-4512.0,1336.0,1173604,18251,1155353,1159865.0
2020-08-14,512452,52682,1163680,5730,2137,15082,80.9,-1632.0,-607.0,1169410,17219,1152191,1153823.0
2020-08-21,507763,52403,1157228,5916,3363,15290,82.0,-4689.0,-279.0,1163144,18653,1144491,1149180.0
2020-08-28,498401,52513,1146566,4900,3002,14305,76.7,-9362.0,110.0,1151466,17307,1134159,1143521.0
2020-09-04,500434,54351,1148294,5423,2944,13362,71.8,2033.0,1838.0,1153717,16306,1137411,1135378.0
2020-09-11,496045,54277,1141778,5008,2595,14123,75.8,-4389.0,-74.0,1146786,16718,1130068,1134457.0
2020-09-18,494406,54281,1139358,5168,3022,13931,74.8,-1639.0,4.0,1144526,16953,1127573,1129212.0
2020-09-25,492426,56066,1135577,5122,3512,14119,75.8,-1980.0,1785.0,1140699,17631,1123068,1125048.0
2020-10-02,492927,56536,1134933,5732,2659,14362,77.1,501.0,470.0,1140665,17021,1123644,1123143.0
2020-10-09,489109,59442,1129956,5286,2135,13986,75.1,-3818.0,2906.0,1135242,16121,1119121,1122939.0
2020-10-16,488107,60417,1128188,5118,3036,13583,72.9,-1002.0,975.0,1133306,16619,1116687,1117689.0
2020-10-23,492427,59995,1131850,5664,3460,13890,74.6,4320.0,-422.0,1137514,17350,1120164,1115844.0
2020-10-30,484429,60931,1123699,5029,2265,14019,75.3,-7998.0,936.0,1128728,16284,1112444,1120442.0
2020-11-06,488706,60413,1127412,5499,2765,13873,74.5,4277.0,-518.0,1132911,16638,1116273,1111996.0
2020-11-13,489475,61613,1127776,5254,2748,14414,77.4,769.0,1200.0,1133030,17162,1115868,1115099.0
2020-11-20,488721,59892,1126911,5228,2831,14653,78.7,-754.0,-1721.0,1132139,17484,1114655,1115409.0
2020-11-27,488042,59575,1126232,5399,3456,14563,78.2,-679.0,-317.0,1131631,18019,1113612,1114291.0
2020-12-04,503231,58211,1141316,6479,1834,14692,79.9,15189.0,-1364.0,1147795,16526,1131269,1116080.0
2020-12-11,500096,58409,1138182,5424,2627,14544,79.1,-3135.0,198.0,1143606,17171,1126435,1129570.0
2020-12-18,499534,58383,1137619,5564,3099,14347,78.0,-562.0,-26.0,1143183,17446,1125737,1126299.0
2020-12-25,493469,58410,1131554,5326,3625,14591,79.4,-6065.0,27.0,1136880,18216,1118664,1124729.0
2021-01-01,485459,59202,1123544,5369,3632,14834,80.7,-8010.0,792.0,1128913,18466,1110447,1118457.0
2021-01-08,482211,57227,1120296,6239,3011,15071,82.0,-3248.0,-1975.0,1126535,18082,1108453,1111701.0
2021-01-15,486563,52500,1124648,6045,2251,15174,82.5,4352.0,-4727.0,1130693,17425,1113268,1108916.0
2021-01-22,476653,50219,1114739,5064,3355,15024,81.7,-9910.0,-2281.0,1119803,18379,1101424,1111334.0
2021-01-29,475659,48702,1113745,6507,3483,15135,82.3,-994.0,-1517.0,1120252,18618,1101634,1102628.0
2021-02-05,469014,48044,1106935,5857,2617,15258,83.0,-6645.0,-658.0,1112792,17875,1094917,1101562.0
2021-02-12,461757,45016,1099530,5898,3862,15286,83.1,-7257.0,-3028.0,1105428,19148,1086280,1093537.0
2021-02-19,463042,47823,1100815,4599,2314,12615,68.6,1285.0,2807.0,1105414,14929,1090485,1089200.0
2021-02-26,484605,48308,1122378,6292,2351,10300,56.0,21563.0,485.0,1128670,12651,1116019,1094456.0
2021-03-05,498403,48834,1136176,5655,2633,12695,69.0,13798.0,526.0,1141831,15328,1126503,1112705.0
2021-03-12,500799,48210,1138572,5323,2520,13989,76.1,2396.0,-624.0,1143895,16509,1127386,1124990.0
2021-03-19,502711,46275,1140484,5622,2481,15011,81.6,1912.0,-1935.0,1146106,17492,1128614,1126702.0
2021-03-26,501835,47057,1139608,6145,3174,15419,83.9,-876.0,782.0,1145753,18593,1127160,1128036.0
2021-04-02,498313,46322,1136086,6264,3434,15445,84.0,-3522.0,-735.0,1142350,18879,1123471,1126993.0
2021-04-09,492423,46668,1129090,5852,2579,15419,85.0,-5890.0,346.0,1134942,17998,1116944,1122834.0
2021-04-16,493017,45350,1128941,5405,2548,15424,85.0,594.0,-1318.0,1134346,17972,1116374,1115780.0
2021-04-23,493107,46072,1127582,6616,2541,15487,85.4,90.0,722.0,1134198,18028,1116170,1116080.0
2021-04-30,485117,46326,1118544,5451,4122,15698,86.5,-7990.0,254.0,1123995,19820,1104175,1112165.0
2021-05-07,484691,45905,1116719,5488,1796,15572,86.1,-426.0,-421.0,1122207,17368,1104839,1105265.0
2021-05-14,486011,45763,1116138,6411,3306,15619,86.3,1320.0,-142.0,1122549,18925,1103624,1102304.0
2021-05-21,484349,44755,1112830,6273,3433,15742,87.0,-1662.0,-1008.0,1119103,19175,1099928,1101590.0
2021-05-28,479270,45539,1107103,5631,2544,16052,88.7,-5079.0,784.0,1112734,18596,1094138,1099217.0
2021-06-04,474029,45704,1100513,6638,2931,16517,91.3,-5241.0,165.0,1107151,19448,1087703,1092944.0
2021-06-11,466674,43554,1092267,6746,3884,16742,92.6,-7355.0,-2150.0,1099013,20626,1078387,1085742.0
2021-06-18,459060,41721,1082948,6943,3651,16678,92.2,-7614.0,-1833.0,1089891,20329,1069562,1077176.0
2021-06-25,452342,40261,1074829,6406,3717,16800,92.9,-6718.0,-1460.0,1081235,20517,1060718,1067436.0
2021-07-02,445476,39647,1066780,5875,2628,16670,92.2,-6866.0,-614.0,1072655,19298,1053357,1060223.0
2021-07-09,437580,38058,1058884,6221,4025,16643,91.8,-7896.0,-1589.0,1065105,20668,1044437,1052333.0
2021-07-16,439687,36711,1060991,7097,2463,16569,91.4,2107.0,-1347.0,1068088,19032,1049056,1046949.0
2021-07-23,435598,35443,1056902,6507,2489,16515,91.1,-4089.0,-1268.0,1063409,19004,1044405,1048494.0
2021-07-30,439225,34900,1060529,6432,1904,16545,91.3,3627.0,-543.0,1066961,18449,1048512,1044885.0
2021-08-06,438777,34575,1060081,6396,2663,16648,91.8,-448.0,-325.0,1066477,19311,1047166,1047614.0
2021-08-13,435544,33595,1056846,6350,3431,16716,92.2,-3233.0,-980.0,1063196,20147,1043049,1046282.0
2021-08-20,432564,33665,1053866,6157,2812,16759,92.4,-2980.0,70.0,1060023,19571,1040452,1043432.0
2021-08-27,425395,34501,1046697,6340,3040,16549,91.3,-7169.0,836.0,1053037,19589,1033448,1040617.0
2021-09-03,423867,36419,1045169,5810,2342,14845,81.9,-1528.0,1918.0,1050979,17187,1033792,1035320.0
2021-09-10,417445,35316,1038218,5761,2624,14886,82.1,-6422.0,-1103.0,1043979,17510,1026469,1032891.0
2021-09-17,413964,33840,1033533,6465,2809,15863,87.5,-3481.0,-1476.0,1039998,18672,1021326,1024807.0
2021-09-24,418542,33971,1037231,6552,3020,15977,88.1,4578.0,131.0,1043783,18997,1024786,1020208.0
2021-10-01,420887,35519,1038657,7035,2114,16237,89.6,2345.0,1548.0,1045692,18351,1027341,1024996.0
2021-10-08,426975,33551,1043945,5994,2514,15715,86.7,6088.0,-1968.0,1049939,18229,1031710,1025622.0
2021-10-15,426544,31231,1041820,5825,3060,15357,84.7,-431.0,-2320.0,1047645,18417,1029228,1029659.0
2021-10-22,430812,27332,1044998,6254,2787,15433,85.1,4268.0,-3899.0,1051252,18220,1033032,1028764.0
2021-10-29,434102,26416,1046643,6172,2925,15646,86.3,3290.0,-916.0,1052815,18571,1034244,1030954.0
2021-11-05,435104,26382,1044500,6108,3053,15715,86.7,1002.0,-34.0,1050608,18768,1031840,1030838.0
2021-11-12,433003,26598,1039150,6191,3626,15940,87.9,-2101.0,216.0,1045341,19566,1025775,1027876.0
2021-11-19,434020,27385,1038525,6436,2605,16058,88.6,1017.0,787.0,1044961,18663,1026298,1025281.0
2021-11-26,433111,28544,1035667,6604,2704,16095,88.8,-909.0,1159.0,1042271,18799,1023472,1024381.0
2021-12-03,432870,30917,1033737,6499,2270,16287,89.8,-241.0,2373.0,1040236,18557,1021679,1021920.0
2021-12-10,428286,32211,1027203,6471,3645,16280,89.8,-4584.0,1294.0,1033674,19925,1013749,1018333.0
2021-12-17,423571,33674,1019952,6194,2879,16242,89.6,-4715.0,1463.0,1026146,19121,1007025,1011740.0
2021-12-24,419995,34729,1015023,6759,2929,16262,89.7,-3576.0,1055.0,1021782,19191,1002591,1006167.0
2021-12-31,417851,37306,1011533,5884,2554,16281,89.8,-2144.0,2577.0,1017417,18835,998582,1000726.0
2022-01-07,413298,34838,1006680,6069,1955,16029,88.4,-4553.0,-2468.0,1012749,17984,994765,999318.0
2022-01-14,413813,33524,1005847,6745,2610,15968,88.1,515.0,-1314.0,1012592,18578,994014,993499.0
2022-01-21,416190,31701,1006972,6236,2796,15897,87.7,2377.0,-1823.0,1013208,18693,994515,992138.0
2022-01-28,415143,30528,1004055,7085,2376,15714,86.7,-1047.0,-1173.0,1011140,18090,993050,994097.0
2022-02-04,410387,27727,997902,6389,3100,15987,88.2,-4756.0,-2801.0,1004291,19087,985204,989960.0
2022-02-11,411508,25827,996336,5790,2271,15460,85.3,1121.0,-1900.0,1002126,17731,984395,983274.0
2022-02-18,416022,23778,998406,6828,2686,15847,87.4,4514.0,-2049.0,1005234,18533,986701,982187.0
2022-02-25,413425,22806,993445,5767,3796,15904,87.7,-2597.0,-972.0,999212,19700,979512,982109.0
2022-03-04,411562,22221,989058,6319,2422,15967,89.3,-1863.0,-585.0,995377,18389,976988,978851.0
2022-03-11,415907,24007,991420,6395,2936,16159,90.4,4345.0,1786.0,997815,19095,978720,974375.0
2022-03-18,413399,25242,984722,6486,3844,16280,91.1,-2508.0,1235.0,991208,20124,971084,973592.0
2022-03-25,409950,24233,978272,6259,2988,16458,92.1,-3449.0,-1009.0,984531,19446,965085,968534.0
2022-04-01,412371,25887,976951,6300,3693,16529,92.5,2421.0,1654.0,983251,20222,963029,960608.0
2022-04-08,421753,26337,982434,5995,2180,16148,90.0,9382.0,450.0,988429,18328,970101,960719.0
2022-04-15,413733,26152,969713,5837,4270,16332,91.0,-8020.0,-185.0,975550,20602,954948,962968.0
2022-04-22,414424,27450,967494,5934,3721,16195,90.3,691.0,1298.0,973428,19916,953512,952821.0
2022-04-29,415727,28829,965712,6332,3574,15867,88.4,1303.0,1379.0,972044,19441,952603,951300.0
2022-05-06,424214,28242,967208,6269,2879,16147,90.0,8487.0,-587.0,973477,19026,954451,945964.0
2022-05-13,420820,25839,958804,6568,3520,16464,91.8,-3394.0,-2403.0,965372,19984,945388,948782.0
2022-05-20,419801,24778,951814,6486,4341,16729,93.2,-1019.0,-1061.0,958300,21070,937230,938249.0
2022-05-27,414733,25034,941325,6218,3990,16617,92.6,-5068.0,256.0,947543,20607,926936,932004.0
2022-06-03,416758,23441,936081,6154,2232,16904,94.2,2025.0,-1593.0,942235,19136,923099,921074.0
2022-06-10,418714,22615,930326,6985,3725,16809,93.7,1956.0,-826.0,937311,20534,916777,914821.0
2022-06-17,418328,22043,923146,6226,3572,16858,94.0,-386.0,-572.0,929372,20430,908942,909328.0
2022-06-24,415566,21261,913434,5998,3380,17042,95.0,-2762.0,-782.0,919432,20422,899010,901772.0
2022-07-01,423800,21330,915828,6839,2612,16958,94.5,8234.0,69.0,922667,19570,903097,894863.0
2022-07-08,427054,21646,912201,6675,3024,17023,94.9,3254.0,316.0,918876,20047,898829,895575.0
2022-07-15,426609,22789,906758,6519,3759,16812,93.7,-445.0,1143.0,913277,20571,892706,893151.0
2022-07-22,422086,23540,896631,6164,4548,16540,92.2,-4523.0,751.0,902795,21088,881707,886230.0
2022-07-29,426553,24466,896408,7342,3512,16320,91.0,4467.0,926.0,903750,19832,883918,879451.0
2022-08-05,432010,25189,896568,6171,2110,16916,94.3,5457.0,723.0,902739,19026,883713,878256.0
2022-08-12,424954,25381,886110,6132,5000,16783,93.5,-7056.0,192.0,892242,21783,870459,877515.0
2022-08-19,421672,25807,874737,6171,4177,16826,93.8,-3282.0,426.0,880908,21003,859905,863187.0
2022-08-26,418346,25284,868344,5956,3967,16628,92.7,-3326.0,-523.0,874300,20595,853705,857031.0
2022-09-02,427191,24783,869662,6779,3433,16309,90.9,8845.0,-501.0,876441,19742,856699,847854.0
2022-09-09,429633,24648,863690,5792,3515,16416,91.5,2442.0,-135.0,869482,19931,849551,847109.0
2022-09-16,430774,24991,857932,6947,3540,16793,93.6,1141.0,343.0,864879,20333,844546,843405.0
2022-09-23,430559,25683,853142,6449,4646,16255,90.6,-215.0,692.0,859591,20901,838690,838905.0
2022-09-30,429203,25956,845592,5947,4551,16388,91.3,-1356.0,273.0,851539,20939,830600,831956.0
2022-10-07,439082,25647,847781,6063,2872,16147,89.9,9879.0,-309.0,853844,19019,834825,824946.0
2022-10-14,437357,26230,842492,5908,4138,16080,89.5,-1725.0,583.0,848400,20218,828182,829907.0
2022-10-21,439945,26897,841663,6180,5129,15965,88.9,2588.0,667.0,847843,21094,826749,824161.0
2022-10-28,436830,28164,836622,6205,3925,16266,90.6,-3115.0,1267.0,842827,20191,822636,825751.0
2022-11-04,440755,27241,836974,6454,3521,16551,92.1,3925.0,-923.0,843428,20072,823356,819431.0
2022-11-11,435355,25617,827474,5559,3862,16688,92.9,-5400.0,-1624.0,833033,20550,812483,817883.0
2022-11-18,431665,24730,822183,7063,4242,16863,93.9,-3690.0,-887.0,829246,21105,808141,811831.0
2022-11-25,419084,24315,808200,6037,4948,17106,95.2,-12581.0,-415.0,814237,22054,792183,804764.0
2022-12-02,413898,23942,800917,6012,3430,17162,95.5,-5186.0,-373.0,806929,20592,786337,791523.0
2022-12-09,424129,24368,806400,6867,4316,16614,92.2,10231.0,426.0,813267,20930,792337,782106.0
2022-12-16,418234,25221,796858,5819,4360,16383,90.9,-5895.0,853.0,802677,20743,781934,787829.0
2022-12-23,418952,25026,794080,6252,3465,16586,92.0,718.0,-195.0,800332,20051,780281,779563.0
2022-12-30,420646,25270,793026,5712,4207,14343,79.6,1694.0,244.0,798738,18550,780188,778494.0
2023-01-06,439607,27781,811187,6350,2137,15160,84.1,18961.0,2511.0,817537,17297,800240,781279.0
2023-01-13,448015,31427,819594,6861,3872,15374,85.3,8408.0,3646.0,826455,19246,807209,798801.0
2023-01-20,448548,35694,820127,5905,4707,15517,86.1,533.0,4267.0,826032,20224,805808,805275.0
2023-01-27,452688,38009,824267,7283,3492,15439,85.7,4140.0,2315.0,831550,18931,812619,808479.0
2023-02-03,455111,39052,826690,7058,2900,15836,87.9,2423.0,1043.0,833748,18736,815012,812589.0
2023-02-10,471394,39711,842973,6232,3146,15566,86.5,16283.0,659.0,849205,18712,830493,814210.0
2023-02-17,479041,40411,850620,6326,4597,15460,85.9,7647.0,700.0,856946,20057,836889,829242.0
2023-02-24,480207,40718,851786,6208,5629,15450,85.8,1166.0,307.0,857994,21079,836915,835749.0
2023-03-03,478513,39828,850092,6271,3362,15480,86.0,-1694.0,-890.0,856363,18842,837521,839215.0
2023-03-10,480063,37912,851642,6216,5027,15885,88.2,1550.0,-1916.0,857858,20912,836946,835396.0
2023-03-17,481180,36849,852759,6172,4932,15946,88.6,1117.0,-1063.0,858931,20878,838053,836936.0
2023-03-24,473691,35217,845270,5325,4584,16261,90.3,-7489.0,-1632.0,850595,20845,829750,837239.0
2023-03-31,469952,34247,841127,7144,5239,16139,89.6,-3739.0,-970.0,848271,21378,826893,830632.0
2023-04-07,470549,33838,840124,6193,2727,16133,89.3,597.0,-409.0,846317,18860,827457,826860.0
2023-04-14,465968,32750,833931,6294,4571,16440,91.0,-4581.0,-1088.0,840225,21011,819214,823795.0
2023-04-21,460914,33069,827856,6376,4819,16483,91.3,-5054.0,319.0,834232,21302,812930,817984.0
2023-04-28,459633,33610,824571,6396,4737,16378,90.7,-1281.0,541.0,830967,21115,809852,811133.0
2023-05-05,462584,34007,824598,5553,2876,16402,91.0,2951.0,397.0,830151,19278,810873,807922.0
2023-05-12,467624,35468,827210,6860,4310,16594,92.0,5040.0,1461.0,834070,20904,813166,808126.0
2023-05-19,455168,37230,813122,5850,4549,16540,91.7,-12456.0,1762.0,818972,21089,797883,810339.0
2023-05-26,459657,38858,815093,7217,4915,16784,93.1,4489.0,1628.0,822310,21699,800611,796122.0
2023-06-02,459205,40579,812774,6400,2475,17279,95.8,-452.0,1721.0,819174,19754,799420,799872.0
2023-06-09,467124,42133,818811,6381,3270,17114,93.7,7919.0,1554.0,825192,20384,804808,796889.0
2023-06-16,463293,42035,813261,6161,4543,17011,93.1,-3831.0,-98.0,819422,21554,797868,801699.0
2023-06-23,453690,43244,802307,6580,5338,16847,92.2,-9603.0,1209.0,808887,22185,786702,796305.0
2023-06-30,452182,42844,799341,7038,3901,16648,91.1,-1508.0,-400.0,806379,20549,785830,787338.0
2023-07-07,458128,41239,804886,5880,2144,17127,93.7,5946.0,-1605.0,810766,19271,791495,785549.0
2023-07-14,457420,38348,804179,7174,3814,17228,94.3,-708.0,-2891.0,811353,21042,790311,791019.0
2023-07-21,456820,35739,803579,6367,4591,17068,93.4,-600.0,-2609.0,809946,21659,788287,788887.0
2023-07-28,439771,34480,786530,6668,5283,16930,92.7,-17049.0,-1259.0,793198,22213,770985,788034.0
2023-08-04,445622,34639,793376,6682,2360,17138,93.8,5851.0,159.0,800058,19498,780560,774709.0
2023-08-11,439662,33802,788016,7158,4599,17302,94.7,-5960.0,-837.0,795174,21901,773273,779233.0
2023-08-18,433528,30669,782476,6933,4258,17258,94.5,-6134.0,-3133.0,789409,21516,767893,774027.0
2023-08-25,422944,29165,772486,6617,4528,17041,93.3,-10584.0,-1504.0,779103,21569,757534,768118.0
2023-09-01,416637,27415,766977,6770,4932,17014,93.1,-6307.0,-1750.0,773747,21946,751801,758108.0
2023-09-08,420592,24965,771222,7582,3090,17124,93.7,3955.0,-2450.0,778804,20214,758590,754635.0
2023-09-15,418456,22901,769686,6517,5067,16792,91.9,-2136.0,-2064.0,776203,21859,754344,756480.0
2023-09-22,416287,21958,767267,7229,4012,16353,89.5,-2169.0,-943.0,774496,20365,754131,756300.0
2023-09-29,414063,22090,765343,6215,4956,15953,87.3,-2224.0,132.0,771558,20909,750649,752873.0
2023-10-06,424239,21771,775513,6329,3067,15662,85.7,10176.0,-319.0,781842,18729,763113,752937.0
2023-10-13,419748,21013,771022,5942,5301,15735,86.1,-4491.0,-758.0,776964,21036,755928,760419.0
2023-10-20,421120,21226,772394,6013,4833,15634,85.6,1372.0,213.0,778407,20467,757940,756568.0
2023-10-27,421893,21498,773167,6425,4897,15607,85.4,773.0,272.0,779592,20504,759088,758315.0
2023-11-03,435762,23085,787036,6394,4525,15562,85.2,13869.0,1587.0,793430,20087,773343,759474.0
2023-11-10,439354,25010,790628,6373,4889,15740,86.1,3592.0,1925.0,797001,20629,776372,772780.0
2023-11-17,448054,25868,799328,6529,4786,15901,87.0,8700.0,858.0,805857,20687,785170,776470.0
2023-11-24,449664,27722,801251,5833,4755,16416,89.8,1610.0,1854.0,807084,21171,785913,784303.0
2023-12-01,445031,29551,796948,7508,4339,16537,90.5,-4633.0,1829.0,804456,20876,783580,788213.0
2023-12-08,440773,30779,792684,6517,3771,16476,90.2,-4258.0,1228.0,799201,20247,778954,783212.0
2023-12-15,443682,32465,796222,6750,4121,16883,92.4,2909.0,1686.0,802972,21004,781968,779059.0
2023-12-22,436568,33973,789901,6276,3915,17051,93.3,-7114.0,1508.0,796177,20966,775211,782325.0
2023-12-29,431065,34679,785453,6895,5292,17082,93.5,-5503.0,706.0,792348,22374,769974,775477.0
2024-01-05,432403,34173,787397,6241,3322,16977,92.9,1338.0,-506.0,793638,20299,773339,772001.0
2024-01-12,429911,32074,785501,7420,5029,16921,92.6,-2492.0,-2099.0,792921,21950,770971,773463.0
2024-01-19,420678,30066,777188,5580,4434,15628,85.5,-9233.0,-2008.0,782768,20062,762706,771939.0
2024-01-26,421912,28094,779314,5605,3894,15150,82.9,1234.0,-1972.0,784919,19044,765875,764641.0
2024-02-02,427432,28061,785449,6907,3596,15059,82.4,5520.0,-33.0,792356,18655,773701,768181.0
2024-02-09,439450,28771,798213,6470,4347,14778,80.6,12018.0,710.0,804683,19125,785558,773540.0
2024-02-16,442964,29512,802475,6654,4965,14780,80.6,3514.0,741.0,809129,19745,789384,785870.0
2024-02-23,447163,30970,807417,6385,4728,14957,81.5,4199.0,1458.0,813802,19685,794117,789918.0
2024-03-01,448530,31671,809490,7222,4637,15575,84.9,1367.0,701.0,816712,20212,796500,795133.0
2024-03-08,446994,31451,808550,5491,3147,15923,86.8,-1536.0,-220.0,814041,19070,794971,796507.0
2024-03-15,445042,31433,807348,6278,4881,16102,87.8,-1952.0,-18.0,813626,20983,792643,794595.0
2024-03-22,448207,33540,811257,6702,4181,16268,88.7,3165.0,2107.0,817959,20449,797510,794345.0
2024-03-29,451417,33163,815058,6618,4022,16249,88.6,3210.0,-377.0,821676,20271,801405,798195.0
2024-04-05,457258,32993,821494,6434,2708,16193,88.3,5841.0,-170.0,827928,18901,809027,803186.0
2024-04-12,459993,33026,824877,6461,4726,16228,88.1,2735.0,33.0,831338,20954,810384,807649.0
2024-04-19,453625,32367,819302,6497,5179,16300,88.5,-6368.0,-659.0,825799,21479,804320,810688.0
2024-04-26,460890,33456,827161,6772,3918,16117,87.5,7265.0,1089.0,833933,20035,813898,806633.0
2024-05-03,459528,35336,826746,6969,4468,16315,88.5,-1362.0,1880.0,833715,20783,812932,814294.0
2024-05-10,457020,34995,824831,6744,4135,16653,90.4,-2508.0,-341.0,831575,20788,810787,813295.0
2024-05-17,458845,36320,827649,6663,4730,16894,91.7,1825.0,1325.0,834312,21624,812688,810863.0
2024-05-24,454689,34554,823978,6769,4225,17377,94.3,-4156.0,-1766.0,830747,21602,809145,813301.0
2024-05-31,455922,35408,826109,7058,4501,17584,95.4,1233.0,854.0,833167,22085,811082,809849.0
2024-06-07,459652,33815,830178,8304,3188,17511,95.0,3730.0,-1593.0,838482,20699,817783,814053.0
2024-06-14,457105,34122,828017,7054,4418,17143,93.5,-2547.0,307.0,835071,21561,813510,816057.0
2024-06-21,460696,33896,832893,6611,3910,16895,92.2,3591.0,-226.0,839504,20805,818699,815108.0
2024-06-28,448539,34241,821134,6547,4401,17143,93.5,-12157.0,345.0,827681,21544,806137,818294.0
2024-07-05,445096,33539,818168,6760,3999,17487,95.4,-3443.0,-702.0,824928,21486,803442,806885.0
2024-07-12,440226,32664,813948,7037,3964,17175,93.7,-4870.0,-875.0,820985,21139,799846,804716.0
2024-07-19,436485,30956,810897,6871,4186,16787,91.6,-3741.0,-1708.0,817768,20973,796795,800536.0
2024-07-26,433049,29850,808146,6953,4919,16520,90.1,-3436.0,-1106.0,815099,21439,793660,797096.0
2024-08-02,429321,30429,805154,6224,3638,16585,90.5,-3728.0,579.0,811378,20223,791155,794883.0
2024-08-09,430678,28764,807205,6285,3756,16761,91.5,1357.0,-1665.0,813490,20517,792973,791616.0
2024-08-16,426029,28204,803192,6652,4045,16907,92.3,-4649.0,-560.0,809844,20952,788892,793541.0
2024-08-23,425183,27536,803091,6560,3671,17101,93.3,-846.0,-668.0,809651,20772,788879,789725.0
2024-08-30,418310,26394,797982,5792,3756,17099,93.3,-6873.0,-1142.0,803774,20855,782919,789792.0
2024-09-06,419143,24690,799094,6867,3305,17011,92.8,833.0,-1704.0,805961,20316,785645,784812.0
2024-09-13,417513,22711,798119,6322,4589,16877,92.1,-1630.0,-1979.0,804441,21466,782975,784605.0
2024-09-20,413042,22827,794935,6456,3897,16659,90.9,-4471.0,116.0,801391,20556,780835,785306.0
2024-09-27,416931,23667,799484,6628,3878,16059,87.6,3889.0,840.0,806112,19937,786175,782286.0
2024-10-04,422741,24914,805671,6239,3794,15890,86.7,5810.0,1247.0,811910,19684,792226,786416.0
2024-10-11,420550,25022,804432,5529,4123,16067,87.7,-2191.0,108.0,809961,20190,789771,791962.0
2024-10-18,426024,24676,810666,6431,4112,16395,89.5,5474.0,-346.0,817097,20507,796590,791116.0
2024-10-25,425509,25357,811340,5975,4261,16326,89.1,-515.0,681.0,817315,20587,796728,797243.0
2024-11-01,427658,25879,814881,6240,2850,16579,90.5,2149.0,522.0,821121,19429,801692,799543.0
2024-11-08,429747,25191,817537,6509,3440,16754,91.4,2089.0,-688.0,824046,20194,803852,801763.0
2024-11-15,430292,25051,819482,7684,4378,16536,90.2,545.0,-140.0,827166,20914,806252,805707.0
2024-11-22,428448,24142,818810,6083,4663,16581,90.5,-1844.0,-909.0,824893,21244,803649,805493.0
2024-11-29,423375,24192,815182,7290,4235,17094,93.3,-5073.0,50.0,822472,21329,801143,806216.0
2024-12-06,421950,22894,814481,5984,3099,16933,92.4,-1425.0,-1298.0,820465,20032,800433,801858.0
2024-12-13,421016,23002,814066,6649,4895,16828,91.8,-934.0,108.0,820715,21723,798992,799926.0
2024-12-20,416779,22682,810089,6471,3722,16954,92.5,-4237.0,-320.0,816560,20676,795884,800121.0
2024-12-27,415601,22540,809171,6926,3854,16993,92.7,-1178.0,-142.0,816097,20847,795250,796428.0
2025-01-03,414642,20038,808459,6428,3078,17089,93.3,-959.0,-2502.0,814887,20167,794720,795679.0
2025-01-10,412680,20803,806997,6124,4078,16816,91.7,-1962.0,765.0,813121,20894,792227,794189.0
2025-01-17,411663,20655,806229,6745,4515,15762,85.9,-1017.0,-148.0,812974,20277,792697,793714.0
2025-01-24,415126,20981,809940,6448,3686,15318,83.5,3463.0,326.0,816388,19004,797384,793921.0
2025-01-31,423790,20947,818854,6915,4331,15511,84.5,8664.0,-34.0,825769,19842,805927,797263.0
2025-02-07,427860,21819,823173,6309,3909,15595,85.0,4070.0,872.0,829482,19504,809978,805908.0
2025-02-14,432493,23291,827806,5820,4381,15589,84.9,4633.0,1472.0,833626,19970,813656,809023.0
2025-02-21,430161,24573,825474,5919,4188,15880,86.5,-2332.0,1282.0,831393,20068,811325,813657.0
2025-02-28,433775,25697,829088,5813,4136,15767,85.9,3614.0,1124.0,834901,19903,814998,811384.0
2025-03-07,435223,24469,830811,5470,3290,15880,86.5,1448.0,-1228.0,836281,19170,817111,815663.0
2025-03-14,436968,23460,832831,5385,4644,15949,86.9,1745.0,-1009.0,838216,20593,817623,815878.0
2025-03-21,433627,22705,829776,6195,4609,15970,87.0,-3341.0,-755.0,835971,20579,815392,818733.0
2025-03-28,439792,25078,836226,6466,3881,15789,86.0,6165.0,2373.0,842692,19670,823022,816857.0
2025-04-04,442345,25759,839055,6189,3244,15912,86.7,2553.0,681.0,845244,19156,826088,823535.0
2025-04-11,442860,25105,839869,6001,5100,15838,86.3,515.0,-654.0,845870,20938,824932,824417.0
2025-04-18,443104,25019,840581,5589,3549,16217,88.1,244.0,-86.0,846170,19766,826404,826160.0
2025-04-25,440408,25701,838950,5498,4121,16326,88.6,-2696.0,682.0,844448,20447,824001,826697.0
2025-05-02,438376,24961,837498,6056,4006,16384,89.0,-2032.0,-740.0,843554,20390,823164,825196.0
2025-05-09,441830,23892,841480,5841,3369,16610,90.2,3454.0,-1069.0,847321,19979,827342,823888.0
2025-05-16,443158,23435,843651,6089,3507,16693,90.7,1328.0,-457.0,849740,20200,829540,828212.0
2025-05-23,440363,23510,841676,6351,4301,16600,90.2,-2795.0,75.0,848027,20901,827126,829921.0
2025-05-30,436059,24086,837881,6346,3907,17192,93.4,-4304.0,576.0,844227,21099,823128,827432.0
2025-06-06,432415,23683,834474,6176,3286,17364,94.3,-3644.0,-403.0,840650,20650,820000,823644.0
2025-06-13,420942,22688,823231,5504,4361,17147,93.2,-11473.0,-995.0,828735,21508,807227,818700.0
2025-06-20,415106,22224,817632,5944,4270,17199,94.7,-5836.0,-464.0,823576,21469,802107,807943.0
2025-06-27,418951,20731,821716,6919,2305,17235,94.9,3845.0,-1493.0,828635,19540,809095,805250.0
2025-07-04,426021,21195,829024,6013,2757,17199,94.7,7070.0,464.0,835037,19956,815081,808011.0
2025-07-11,422162,21408,824865,6379,3518,17048,93.9,-3859.0,213.0,831244,20566,810678,814537.0
2025-07-18,418993,21863,821496,5976,3855,17272,95.5,-3169.0,455.0,827472,21127,806345,809514.0
2025-07-25,426691,22553,829432,6136,2698,17261,95.4,7698.0,690.0,835568,19959,815609,807911.0
2025-08-01,423662,23006,826638,5962,3318,17522,96.9,-3029.0,453.0,832600,20840,811760,814789.0
2025-08-08,426698,23051,829900,6920,3577,17506,96.4,3036.0,45.0,836820,21083,815737,812701.0
2025-08-15,420684,23470,824109,6497,4372,17534,96.6,-6014.0,419.0,830606,21906,808700,814714.0
2025-08-22,418292,22632,822493,6234,3810,17175,94.6,-2392.0,-838.0,828727,20985,807742,810134.0
2025-08-29,420707,24222,825417,6742,3884,17120,94.3,2415.0,1590.0,832159,21004,811155,808740.0
2025-09-05,424646,23857,829870,6271,2745,17230,94.9,3939.0,-365.0,836141,19975,816166,812227.0
2025-09-12,415361,23561,821089,5692,5277,16939,93.3,-9285.0,-296.0,826781,22216,804565,813850.0
2025-09-19,414754,23738,820712,6495,4484,16886,93.0,-607.0,177.0,827207,21370,805837,806444.0
2025-09-26,416546,23467,823246,5833,3751,16604,91.4,1792.0,-271.0,829079,20355,808724,806932.0
2025-10-03,420261,22704,827246,6403,3590,16777,92.4,3715.0,-763.0,833649,20367,813282,809567.0
2025-10-10,423785,22001,831530,5525,4466,15568,85.7,3524.0,-703.0,837055,20034,817021,813497.0
2025-10-17,422824,21231,831388,5918,4203,16090,88.6,-961.0,-770.0,837306,20293,817013,817974.0
2025-10-24,415966,22565,825063,5051,4361,15717,86.6,-6858.0,1334.0,830114,20078,810036,816894.0
2025-10-31,421168,22865,830763,5924,4367,15615,86.0,5202.0,300.0,836687,19982,816705,811503.0
2025-11-07,427581,22519,837974,5222,2816,16238,89.4,6413.0,-346.0,843196,19054,824142,817729.0
2025-11-14,424155,21821,835081,5950,4158,16343,90.0,-3426.0,-698.0,841031,20501,820530,823956.0
2025-11-21,426929,21753,838353,6436,3598,16763,92.3,2774.0,-68.0,844789,20361,824428,821654.0
2025-11-28,427503,21296,839177,5981,3613,17088,94.1,574.0,-457.0,845158,20701,824457,823883.0
2025-12-05,425691,21604,837613,6589,4009,17152,94.5,-1812.0,308.0,844202,21161,823041,824853.0
2025-12-12,424417,20862,836588,6525,4664,17209,94.8,-1274.0,-742.0,843113,21873,821240,822514.0
2025-12-19,424822,21569,837793,6086,3616,17175,94.6,405.0,707.0,843879,20791,823088,822683.0
2025-12-26,422888,22112,836107,4953,3440,17198,94.7,-1934.0,543.0,841060,20638,820422,822356.0
2026-01-02,419056,22840,832520,6339,4263,17201,94.7,-3832.0,728.0,838859,21464,817395,821227.0
2026-01-09,422447,23585,836125,7092,4306,17300,95.3,3391.0,745.0,843217,21606,821611,818220.0
2026-01-16,426049,25063,840533,6447,3688,16947,93.3,3602.0,1478.0,846980,20635,826345,822743.0
2026-01-23,423754,24785,838753,5642,4589,16510,90.9,-2295.0,-278.0,844395,21099,823296,825591.0
2026-01-30,420299,24042,835512,6201,4047,16435,90.5,-3455.0,-743.0,841713,20482,821231,824686.0
2026-02-06,428829,25113,844041,6805,3739,16239,89.4,8530.0,1071.0,850846,19978,830868,822338.0
2026-02-13,419815,24018,835256,6524,4590,16398,91.0,-9014.0,-1095.0,841780,20988,820792,829806.0
2026-02-20,435804,24899,851245,6659,4313,15963,88.6,15989.0,881.0,857904,20276,837628,821639.0
2026-02-27,439279,26463,854720,6324,3997,16083,89.2,3475.0,1564.0,861044,20080,840964,837489.0
2026-03-06,443103,26580,858545,6422,3434,16370,90.8,3824.0,117.0,864967,19804,845163,841339.0
2026-03-13,449259,27524,864701,7194,4898,16463,91.4,6156.0,944.0,871895,21361,850534,844378.0
2026-03-20,456185,30945,871627,6464,3322,16747,92.9,6926.0,3421.0,878091,20069,858022,851096.0
2026-03-27,461636,31465,876700,6454,3521,16592,92.1,5451.0,520.0,883154,20113,863041,857590.0
2026-04-03,464717,31489,878042,6324,4149,16578,92.0,3081.0,24.0,884366,20727,863639,860558.0
2026-04-10,463804,29762,872985,5291,5225,16273,89.6,-913.0,-1727.0,878276,21498,856778,857691.0
2026-04-17,465729,30568,870774,6078,4798,16180,89.1,1925.0,806.0,876852,20978,855874,853949.0
2026-04-24,459495,29772,857419,5750,6438,16274,89.6,-6234.0,-796.0,863169,22712,840457,846691.0
2026-05-01,457182,29124,849882,5477,4750,16361,90.1,-2313.0,-648.0,855359,21111,834248,836561.0
2026-05-08,452876,27422,836971,5901,5492,16661,91.7,-4306.0,-1702.0,842872,22153,820719,825025.0
2026-05-15,445013,25818,819188,6016,5604,16642,91.6,-7863.0,-1604.0,825204,22246,802958,810821.0
2026-05-22,441686,23024,806798,5212,4440,17171,94.5,-3327.0,-2794.0,812010,21611,790399,793726.0
2026-05-29,433712,22441,790831,6397,5874,17199,94.7,-7974.0,-583.0,797228,23073,774155,782129.0
2026-06-05,426485,21640,775677,5888,4840,17315,95.3,-7227.0,-801.0,781565,22155,759410,766637.0
2026-06-12,418222,20034,758473,5134,4327,17415,96.7,-8263.0,-1606.0,763607,21742,741865,750128.0
